headword,pos,topic,confidence,rawTopic
'm,be-verb,general,0.980,general
're,be-verb,general,0.990,general
's,be-verb,general,0.980,general
April,noun,general,1.000,general
Atlantic,adjective,nature,0.740,nature
August,noun,general,1.000,general
CD,noun,technology,0.600,technology
CD player,noun,technology,0.630,technology
CD-ROM,noun,technology,1.000,technology
CV,noun,work,1.000,work
Christian,adjective,arts,0.960,arts
DJ,noun,entertainment,0.940,entertainment
DNA,noun,science,0.970,science
DVD,noun,entertainment,0.520,entertainment
December,noun,general,1.000,general
Englishman,noun,city,0.560,city
February,noun,general,1.000,general
Friday,noun,general,1.000,general
HIV,noun,health,1.000,health
I,pronoun,general,1.000,general
ID,noun,society,0.610,society
ID card,noun,society,0.860,society
IT,noun,general,0.630,general
Internet/internet,noun,technology,1.000,technology
January,noun,general,1.000,general
July,noun,general,1.000,general
June,noun,general,1.000,general
MP3 player,noun,technology,0.910,technology
March,noun,general,1.000,general
May,noun,general,1.000,general
Mediterranean,noun,nature,0.710,nature
Miss,noun,general,0.220,communication
Monday,noun,general,1.000,general
Mr./Mr,noun,general,0.370,general
Mrs./Mrs,noun,family,0.750,family
Ms./Ms,noun,communication,0.610,communication
November,noun,general,1.000,general
OK/okay,adjective,general,0.960,general
OK/okay,adverb,general,0.910,general
October,noun,general,1.000,general
Olympia,noun,city,0.590,city
Olympiad,noun,sports,0.850,sports
Olympic,adjective,sports,1.000,sports
Olympics,noun,sports,1.000,sports
PC,noun,technology,0.990,technology
Saturday,noun,general,1.000,general
September,noun,general,1.000,general
Shakespearean,adjective,arts,1.000,arts
Soviet,noun,society,0.950,society
Sunday,noun,general,1.000,general
T-shirt/tee-shirt,noun,shopping,1.000,shopping
TV,noun,entertainment,0.750,entertainment
Thursday,noun,general,1.000,general
Tuesday,noun,general,1.000,general
Wednesday,noun,general,1.000,general
X-ray,noun,health,0.980,health
a,determiner,general,1.000,general
a.m./A.M./am/AM,adverb,general,1.000,general
abandon,verb,general,0.940,general
abandoned,adjective,general,0.890,general
aberration,noun,general,0.730,general
abhor,verb,feelings,1.000,feelings
abhorrent,adjective,feelings,0.910,feelings
abhorrently,adverb,feelings,0.610,feelings
ability,noun,general,0.530,general
abject,adjective,feelings,0.940,feelings
able,adjective,general,0.980,general
abnormal,adjective,general,0.900,general
abnormally,adverb,general,0.990,general
aboard,adverb,travel,0.960,travel
aboard,preposition,general,0.530,general
abolish,verb,society,0.980,society
aboriginal,adjective,society,0.700,society
aborigine,noun,society,0.680,society
abound,verb,general,0.970,general
about,adverb,general,1.000,general
about,preposition,general,1.000,general
above,adjective,general,1.000,general
above,adverb,general,1.000,general
above,preposition,general,1.000,general
abroad,adverb,travel,0.940,travel
abruptly,adverb,general,1.000,general
absence,noun,general,0.840,general
absent,adjective,general,0.960,general
absentee,noun,work,0.600,work
absolute,adjective,general,1.000,general
absolute,noun,general,0.910,general
absolutely,adverb,general,1.000,general
absorb,verb,general,0.850,general
abstract,adjective,general,0.720,general
abstraction,noun,general,0.420,arts
absurd,adjective,general,0.950,general
abundance,noun,general,0.960,general
abundant,adjective,general,1.000,general
abundantly,adverb,general,1.000,general
abuse,noun,society,0.960,society
academic,adjective,education,0.990,education
academy,noun,education,1.000,education
accent,noun,communication,1.000,communication
accept,verb,general,0.920,general
acceptable,adjective,general,0.990,general
acceptance,noun,feelings,0.950,feelings
access,noun,general,0.620,general
access,verb,general,0.740,general
accessibility,noun,society,0.670,society
accessible,adjective,general,0.870,general
accessory,noun,shopping,1.000,shopping
accident,noun,general,0.470,travel
accidental,adjective,general,1.000,general
accidentally,adverb,general,1.000,general
accommodation,noun,travel,0.980,travel
accompany,verb,general,0.900,general
accomplish,verb,general,0.560,general
according to,preposition,general,0.980,general
accordingly,adverb,general,1.000,general
account,noun,business,0.990,business
account,verb,communication,0.760,communication
accountability,noun,society,0.710,society
accountant,noun,work,0.720,work
accrue,verb,business,0.960,business
accumulate,verb,general,0.950,general
accuracy,noun,communication,0.500,communication
accurate,adjective,general,0.980,general
accurately,adverb,general,0.960,general
accusation,noun,society,0.760,society
accuse,verb,society,0.790,society
accustom,verb,general,0.920,general
accustomed,adjective,general,0.840,general
ache,noun,health,0.920,health
ache,verb,health,0.820,health
achievable,adjective,general,0.960,general
achieve,verb,general,0.910,general
achievement,noun,general,0.380,general
acid,noun,science,0.950,science
acidic,adjective,science,0.750,science
acknowledge,verb,communication,0.860,communication
acknowledgment/acknowledgement,noun,communication,0.960,communication
acoustic,adjective,science,0.720,science
acoustically,adverb,general,0.550,general
acoustics,noun,science,0.990,science
acquaintance,noun,family,0.970,family
acquire,verb,general,0.790,general
acquisition,noun,business,0.880,business
acre,noun,general,0.680,general
acreage,noun,nature,0.500,nature
acrobatic,adjective,general,0.420,body
acrobatically,adverb,body,0.580,body
acrobatics,noun,general,0.490,sports
across,adverb,general,0.990,general
across,preposition,general,1.000,general
act,noun,general,0.340,society
act,verb,general,0.970,general
action,noun,general,0.860,general
active,adjective,general,0.960,general
actively,adverb,general,1.000,general
activity,noun,general,0.760,general
actor,noun,general,0.460,entertainment
actress,noun,general,0.440,entertainment
actual,adjective,general,1.000,general
actually,adverb,general,0.990,general
acute,adjective,general,0.620,general
acutely,adverb,general,0.990,general
ad,noun,business,0.910,business
ad lib,adjective,general,0.350,communication
ad-lib,verb,communication,0.500,communication
adapt,verb,general,0.970,general
adaptable,adjective,feelings,0.620,feelings
add,verb,general,0.940,general
addict,noun,health,0.970,health
addicted,adjective,health,0.860,health
addiction,noun,health,0.990,health
addition,noun,general,0.470,general
additional,adjective,general,1.000,general
additionally,adverb,general,0.990,general
additive,adjective,science,0.500,science
additive,noun,food,0.520,food
address,noun,city,0.780,city
address,verb,communication,0.940,communication
addressee,noun,communication,1.000,communication
adept,adjective,general,0.650,general
adept,noun,general,0.410,feelings
adequate,adjective,general,1.000,general
adequately,adverb,general,1.000,general
adhere,verb,general,0.910,general
adhesion,noun,science,0.930,science
adjective,noun,communication,0.830,communication
adjoin,verb,general,0.420,general
adjoining,adjective,general,0.620,general
adjust,verb,general,0.990,general
adjustable,adjective,general,0.970,general
adjustment,noun,general,0.960,general
administration,noun,society,0.870,society
administrative,adjective,work,0.660,work
admirable,adjective,feelings,0.590,feelings
admiration,noun,feelings,1.000,feelings
admire,verb,feelings,0.980,feelings
admiringly,adverb,feelings,0.730,feelings
admission,noun,education,0.930,education
admit,verb,communication,0.690,communication
admittedly,adverb,general,0.950,general
adopt,verb,family,0.860,family
adopted,adjective,family,0.880,family
adoption,noun,family,0.970,family
adorable,adjective,general,0.680,general
adore,verb,feelings,1.000,feelings
adorn,verb,general,0.490,arts
adornment,noun,general,0.480,shopping
adrenaline,noun,general,0.470,health
adult,adjective,family,0.630,family
adult,noun,family,0.970,family
adulterate,verb,food,0.900,food
advance,noun,general,0.690,general
advance,verb,general,0.950,general
advanced,adjective,general,0.830,general
advancement,noun,work,0.740,work
advantage,noun,general,0.940,general
advantageous,adjective,general,0.990,general
advent,noun,general,0.590,general
adventure,noun,travel,0.890,travel
adventurous,adjective,feelings,0.950,feelings
adverb,noun,communication,0.920,communication
adverbial,adjective,communication,0.910,communication
adversary,noun,society,0.770,society
adverse,adjective,general,0.980,general
adversely,adverb,general,1.000,general
adversity,noun,feelings,0.540,feelings
advert,noun,business,0.950,business
advertise,verb,business,1.000,business
advertisement,noun,business,0.970,business
advertising,noun,business,0.990,business
advice,noun,communication,0.860,communication
advise,verb,communication,0.800,communication
adviser/advisor,noun,work,0.660,work
advisory,adjective,general,0.440,general
aerobics,noun,sports,0.970,sports
aesthetic,adjective,arts,0.950,arts
aesthetically,adverb,arts,0.730,arts
affair,noun,general,0.400,general
affect,verb,general,0.770,general
affectation,noun,feelings,0.740,feelings
affection,noun,feelings,1.000,feelings
affectionate,adjective,feelings,1.000,feelings
affectionately,adverb,feelings,0.840,feelings
afford,verb,business,0.840,business
affordable,adjective,business,0.500,business
afraid,adjective,feelings,1.000,feelings
after,adverb,general,1.000,general
after,conjunction,general,1.000,general
after,preposition,general,1.000,general
afternoon,noun,general,1.000,general
afterward,adverb,general,1.000,general
afterwards,adverb,general,1.000,general
again,adverb,general,1.000,general
against,preposition,general,1.000,general
age,noun,general,0.630,general
aged,adjective,general,0.600,general
ageless,adjective,body,0.650,body
agency,noun,general,0.400,society
agenda,noun,work,0.960,work
agent,noun,work,0.710,work
aggressive,adjective,feelings,0.950,feelings
aggressively,adverb,general,0.730,general
aghast,adjective,feelings,1.000,feelings
agile,adjective,general,0.410,general
agility,noun,body,0.680,body
ago,adverb,general,1.000,general
agonize,verb,feelings,0.960,feelings
agonize/agonise,verb,feelings,0.930,feelings
agony,noun,feelings,0.780,feelings
agree,verb,general,0.420,communication
agreeable,adjective,feelings,0.870,feelings
agreement,noun,general,0.420,communication
agricultural,adjective,general,0.400,nature
agriculture,noun,general,0.250,nature
ahead,adverb,general,0.980,general
aid,noun,general,0.400,general
aid,verb,general,0.910,general
aim,noun,general,0.860,general
aim,verb,general,0.890,general
aimless,adjective,feelings,0.720,feelings
aimlessly,adverb,general,0.940,general
air,noun,nature,0.960,nature
air conditioning,noun,home,0.650,home
air force,noun,society,0.990,society
aircraft,noun,travel,1.000,travel
aircrew,noun,travel,0.560,travel
airline,noun,travel,1.000,travel
airplane/aeroplane,noun,travel,1.000,travel
airport,noun,travel,1.000,travel
aisle,noun,shopping,0.690,shopping
alarm,noun,home,0.620,home
alarm,verb,feelings,0.730,feelings
alarm clock,noun,home,0.940,home
album,noun,entertainment,0.960,entertainment
alcohol,noun,food,0.970,food
alcoholic,adjective,health,0.740,health
alcoholic,noun,health,0.870,health
alcoholism,noun,health,1.000,health
alert,verb,communication,0.520,communication
alienate,verb,feelings,0.770,feelings
align,verb,general,0.910,general
alignment,noun,general,0.480,general
alike,adjective,general,1.000,general
alike,adverb,general,1.000,general
alive,adjective,general,0.950,general
all,adverb,general,1.000,general
all,determiner,general,1.000,general
all,pronoun,general,1.000,general
all right,adjective,general,0.930,general
all right,adverb,general,0.990,general
all-encompassing,adjective,general,1.000,general
allegation,noun,society,0.780,society
allege,verb,communication,0.610,communication
allegorical,adjective,arts,0.940,arts
allegory,noun,arts,0.950,arts
allergic,adjective,health,1.000,health
alleviate,verb,health,0.640,health
alliance,noun,society,0.990,society
allot,verb,general,0.770,general
allotment,noun,general,0.230,nature
allow,verb,general,0.990,general
allowance,noun,business,0.820,business
allude,verb,communication,0.990,communication
allusion,noun,communication,0.780,communication
ally,noun,society,0.910,society
ally,verb,society,0.710,society
almost,adverb,general,1.000,general
alone,adjective,general,0.790,general
alone,adverb,general,0.950,general
along,adverb,general,0.990,general
along,preposition,general,1.000,general
alongside,preposition,general,1.000,general
aloud,adverb,communication,0.660,communication
alphabet,noun,communication,0.860,communication
alphabetical,adjective,general,0.540,general
already,adverb,general,1.000,general
alright,adjective,general,0.910,general
alright,adverb,general,0.990,general
also,adverb,general,1.000,general
altar,noun,arts,1.000,arts
alter,verb,general,0.890,general
alternate,verb,general,0.980,general
alternative,adjective,general,1.000,general
alternative,noun,general,0.980,general
alternatively,adverb,general,0.980,general
although,conjunction,general,1.000,general
altitude,noun,general,0.460,nature
altogether,adverb,general,1.000,general
altruism,noun,feelings,0.890,feelings
altruistic,adjective,feelings,1.000,feelings
aluminum/aluminium,noun,science,0.770,science
always,adverb,general,1.000,general
am,be-verb,general,0.990,general
amateur,adjective,general,0.430,general
amateur,noun,work,0.560,work
amaze,verb,feelings,0.900,feelings
amazed,adjective,feelings,1.000,feelings
amazement,noun,feelings,1.000,feelings
amazing,adjective,general,0.760,general
amazingly,adverb,general,0.990,general
ambassador,noun,society,0.960,society
ambiguity,noun,communication,0.960,communication
ambiguous,adjective,general,0.610,general
ambition,noun,feelings,0.980,feelings
ambitious,adjective,feelings,0.980,feelings
ambulance,noun,health,0.860,health
amid,preposition,general,1.000,general
ammonia,noun,science,0.990,science
among,preposition,general,1.000,general
amongst,preposition,general,1.000,general
amorphous,adjective,general,0.860,general
amorphously,adverb,general,0.960,general
amount,noun,general,1.000,general
ample,adjective,general,1.000,general
amplification,noun,communication,0.610,communication
amplifier,noun,technology,0.980,technology
amplify,verb,communication,0.690,communication
amply,adverb,general,1.000,general
amuse,verb,entertainment,0.810,entertainment
amused,adjective,feelings,1.000,feelings
amusement,noun,entertainment,0.860,entertainment
amusing,adjective,feelings,0.510,feelings
an,determiner,general,1.000,general
analogy,noun,communication,0.810,communication
analysis,noun,education,0.560,education
analyst,noun,work,0.790,work
analyze/analyse,verb,general,0.550,general
anarchic,adjective,society,0.960,society
ancestor,noun,family,1.000,family
anchor,noun,travel,0.800,travel
anchor,verb,general,0.360,travel
anchorage,noun,travel,0.880,travel
anchored,adjective,general,0.580,general
anchorman,noun,entertainment,0.520,entertainment
anchorperson,noun,entertainment,0.670,entertainment
ancient,adjective,general,0.760,general
and,conjunction,general,1.000,general
angel,noun,arts,0.990,arts
anger,noun,feelings,1.000,feelings
angle,noun,science,0.660,science
angle,verb,general,0.310,general
angrily,adverb,feelings,0.540,feelings
angry,adjective,feelings,1.000,feelings
angst,noun,feelings,1.000,feelings
angsty,adjective,feelings,1.000,feelings
anguish,noun,feelings,1.000,feelings
angular,adjective,general,0.670,general
angularity,noun,arts,0.520,arts
animal,noun,animals,1.000,animals
animate,verb,general,0.550,general
animated,adjective,feelings,0.770,feelings
animatedly,adverb,communication,0.660,communication
animation,noun,entertainment,0.880,entertainment
ankle,noun,body,1.000,body
annex,noun,city,0.810,city
annex,verb,society,0.910,society
anniversary,noun,general,0.720,general
announce,verb,communication,1.000,communication
announcement,noun,communication,1.000,communication
annoy,verb,feelings,0.930,feelings
annoyance,noun,feelings,1.000,feelings
annoyed,adjective,feelings,1.000,feelings
annoying,adjective,feelings,0.650,feelings
annual,adjective,general,1.000,general
annually,adverb,general,1.000,general
anonymity,noun,society,0.730,society
anonymous,adjective,general,0.780,general
another,determiner,general,1.000,general
another,pronoun,general,1.000,general
answer,noun,communication,0.640,communication
answer,verb,communication,0.750,communication
ant,noun,animals,1.000,animals
antediluvian,adjective,general,0.660,general
anthology,noun,arts,0.970,arts
anthropological,adjective,science,0.720,science
anthropologically,adverb,general,0.490,science
anthropologist,noun,general,0.440,science
anthropology,noun,science,0.960,science
anti,adjective,general,0.890,general
antiaircraft,adjective,society,0.930,society
antibacterial,adjective,health,1.000,health
anticancer,noun,health,1.000,health
anticipate,verb,general,0.820,general
anticipation,noun,feelings,1.000,feelings
anticlimactic,adjective,general,0.440,feelings
anticlimactically,adverb,general,0.840,general
antics,noun,entertainment,0.600,entertainment
antidote,noun,health,1.000,health
antipollution,noun,nature,0.980,nature
antiquated,adjective,general,0.930,general
antique,adjective,general,0.490,arts
antique,noun,general,0.460,arts
antiquity,noun,arts,0.970,arts
antistatic,adjective,technology,0.690,technology
antithesis,noun,communication,0.810,communication
antithetical,adjective,general,0.520,general
antivirus,noun,technology,1.000,technology
antonym,noun,communication,0.980,communication
anxiety,noun,feelings,0.970,feelings
anxious,adjective,feelings,1.000,feelings
anxiously,adverb,feelings,0.950,feelings
any,determiner,general,1.000,general
any,pronoun,general,1.000,general
anybody,pronoun,general,1.000,general
anyhow,adverb,general,0.990,general
anymore,adverb,general,1.000,general
anyone,pronoun,general,1.000,general
anything,pronoun,general,1.000,general
anyway,adverb,general,0.990,general
anywhere,adverb,general,1.000,general
apart,adverb,general,1.000,general
apartment,noun,home,0.940,home
ape,noun,animals,1.000,animals
apologize/apologise,verb,communication,0.830,communication
apology,noun,communication,0.850,communication
apostle,noun,arts,1.000,arts
apostrophe,noun,communication,0.990,communication
appall/appal,verb,feelings,1.000,feelings
appalling,adjective,feelings,0.750,feelings
appallingly,adverb,general,0.890,general
apparent,adjective,general,0.990,general
apparently,adverb,general,0.980,general
appeal,noun,general,0.330,society
appeal,verb,general,0.480,communication
appear,verb,general,0.880,general
appearance,noun,body,0.990,body
appetite,noun,food,0.970,food
applaud,verb,general,0.290,entertainment
applause,noun,entertainment,0.510,entertainment
apple,noun,food,1.000,food
appliance,noun,home,0.980,home
applicant,noun,work,0.930,work
application,noun,general,0.480,work
apply,verb,general,0.750,general
appoint,verb,work,0.970,work
appointment,noun,work,0.640,work
appreciate,verb,feelings,0.850,feelings
appreciation,noun,feelings,0.960,feelings
appreciative,adjective,feelings,0.990,feelings
apprehend,verb,society,0.900,society
apprehensive,adjective,feelings,1.000,feelings
apprentice,noun,work,0.990,work
apprentice,verb,work,0.830,work
apprenticeship,noun,work,0.810,work
approach,noun,general,0.810,general
approach,verb,general,0.910,general
appropriate,adjective,general,0.990,general
appropriately,adverb,general,0.990,general
approval,noun,feelings,0.640,feelings
approve,verb,general,0.790,general
approximate,adjective,general,0.990,general
approximately,adverb,general,1.000,general
apron,noun,general,0.400,shopping
apt,adjective,general,0.980,general
apt to,verb,general,0.950,general
aptitude,noun,education,0.860,education
aqua,adjective,general,0.380,general
aquarium,noun,animals,0.790,animals
arcane,adjective,general,0.900,general
arcanely,adverb,general,0.760,general
arch,noun,city,0.970,city
archaeologist/archeologist,noun,work,0.540,work
archetypal,adjective,arts,0.720,arts
archetype,noun,arts,0.990,arts
architect,noun,work,0.920,work
architecture,noun,city,0.720,city
archival,adjective,general,0.440,arts
arctic,adjective,nature,0.990,nature
ardor/ardour,noun,feelings,1.000,feelings
arduous,adjective,general,0.770,general
arduously,adverb,general,0.830,general
are,be-verb,general,0.990,general
area,noun,city,0.780,city
arena,noun,sports,0.830,sports
argue,verb,communication,0.940,communication
argument,noun,communication,0.960,communication
arise,verb,general,0.950,general
aristocracy,noun,society,1.000,society
arithmetic,noun,science,0.590,science
arm,noun,body,1.000,body
arm,verb,general,0.420,body
armchair,noun,home,1.000,home
armed,adjective,society,0.890,society
armful,noun,general,0.770,general
armory/armoury,noun,society,0.950,society
army,noun,society,1.000,society
around,adverb,general,1.000,general
around,preposition,general,1.000,general
arouse,verb,feelings,0.890,feelings
arrange,verb,general,0.930,general
arrangement,noun,general,0.730,general
arrest,noun,society,1.000,society
arrest,verb,society,1.000,society
arrival,noun,travel,0.990,travel
arrive,verb,travel,0.870,travel
arrogant,adjective,feelings,0.990,feelings
arrow,noun,sports,0.540,sports
art,noun,arts,1.000,arts
artery,noun,body,0.960,body
article,noun,general,0.630,general
articulate,adjective,communication,0.980,communication
articulate,verb,communication,1.000,communication
articulation,noun,communication,0.980,communication
artifact,noun,arts,0.990,arts
artifice,noun,general,0.310,arts
artificial,adjective,general,0.880,general
artificially,adverb,general,0.970,general
artist,noun,arts,0.790,arts
artistic,adjective,arts,0.950,arts
artistically,adverb,arts,0.920,arts
artistry,noun,arts,1.000,arts
as,conjunction,general,1.000,general
as,preposition,general,1.000,general
ash,noun,nature,0.930,nature
ashamed,adjective,feelings,1.000,feelings
aside,adverb,general,0.520,general
ask,verb,communication,0.850,communication
asleep,adjective,general,0.370,general
aspect,noun,general,0.880,general
aspiration,noun,feelings,0.850,feelings
aspire,verb,feelings,0.630,feelings
aspirin,noun,health,1.000,health
assault,noun,society,0.990,society
assemble,verb,general,0.750,general
assembly,noun,society,0.770,society
assert,verb,communication,0.960,communication
assertion,noun,communication,0.990,communication
assess,verb,general,0.630,general
assessment,noun,education,0.990,education
assign,verb,general,0.460,work
assignment,noun,education,1.000,education
assimilate,verb,society,0.800,society
assimilation,noun,society,0.940,society
assist,verb,general,0.820,general
assistance,noun,general,0.760,general
assistant,adjective,work,0.660,work
assistant,noun,work,1.000,work
associate,verb,general,0.670,general
association,noun,society,0.830,society
assume,verb,general,0.880,general
assumption,noun,general,0.500,general
assurance,noun,feelings,0.880,feelings
assure,verb,communication,0.810,communication
astonish,verb,feelings,0.930,feelings
astonished,adjective,feelings,1.000,feelings
astonishing,adjective,general,0.800,general
astonishment,noun,feelings,1.000,feelings
astray,adverb,travel,0.580,travel
astringent,noun,health,0.680,health
astronaut,noun,science,0.680,science
astronomer,noun,science,0.600,science
astronomy,noun,science,1.000,science
at,preposition,general,1.000,general
athlete,noun,sports,1.000,sports
athletic,adjective,sports,0.800,sports
athleticism,noun,sports,0.970,sports
athletics,noun,sports,1.000,sports
atmosphere,noun,nature,0.610,nature
atmospheric,adjective,general,0.420,nature
atom,noun,science,1.000,science
atomic,adjective,science,0.970,science
attach,verb,general,0.780,general
attached,adjective,general,0.480,feelings
attachment,noun,feelings,0.660,feelings
attack,noun,society,0.910,society
attack,verb,society,0.670,society
attain,verb,general,0.970,general
attainable,adjective,general,0.990,general
attainment,noun,education,0.580,education
attempt,noun,general,0.890,general
attempt,verb,general,0.970,general
attend,verb,education,0.800,education
attendance,noun,education,0.950,education
attention,noun,general,0.330,feelings
attentive,adjective,feelings,0.830,feelings
attentively,adverb,general,0.900,general
attitude,noun,feelings,1.000,feelings
attract,verb,general,0.900,general
attraction,noun,feelings,0.840,feelings
attractive,adjective,body,0.920,body
attractiveness,noun,body,0.960,body
attribute,noun,feelings,0.530,feelings
attribute,verb,general,0.640,general
attributive,adjective,communication,0.980,communication
attrition,noun,general,0.280,society
attuned,adjective,feelings,0.660,feelings
atypical,adjective,general,0.990,general
aubergine,noun,food,1.000,food
audience,noun,communication,0.550,communication
audio,adjective,general,0.430,technology
audit,noun,business,1.000,business
audit,verb,business,0.990,business
audition,noun,arts,0.700,arts
aunt,noun,family,1.000,family
austere,adjective,general,0.530,general
austerely,adverb,general,0.920,general
austerity,noun,business,0.600,business
authenticity,noun,arts,0.620,arts
author,noun,arts,0.710,arts
authoritative,adjective,general,0.440,feelings
authority,noun,society,0.990,society
authorize/authorise,verb,society,0.630,society
automate,verb,technology,0.980,technology
automatic,adjective,general,0.790,general
automatic,verb,general,0.440,general
automatically,adverb,general,0.990,general
autonomous,adjective,general,0.810,general
autonomously,adverb,general,0.960,general
autopilot,noun,travel,0.590,travel
autumn,noun,nature,0.690,nature
auxiliary,adjective,general,0.820,general
availability,noun,general,0.730,general
available,adjective,general,1.000,general
avenue,noun,city,0.980,city
average,adjective,general,0.990,general
average,noun,general,0.860,general
averse,adjective,feelings,0.990,feelings
avian,adjective,animals,0.990,animals
avid,adjective,feelings,0.960,feelings
avoid,verb,general,0.990,general
await,verb,general,0.980,general
awake,adjective,general,0.490,general
award,noun,general,0.290,society
award,verb,general,0.320,general
aware,adjective,feelings,0.550,feelings
awareness,noun,feelings,0.930,feelings
away,adverb,general,1.000,general
awe,noun,feelings,1.000,feelings
awe,verb,feelings,0.980,feelings
awesome,adjective,general,0.740,general
awful,adjective,general,0.830,general
awkward,adjective,feelings,0.510,feelings
ax/axe,noun,general,0.410,work
axiom,noun,science,0.790,science
axiomatic,adjective,general,0.730,general
axis,noun,science,0.840,science
babble,verb,communication,1.000,communication
baby,noun,family,1.000,family
babysit,verb,family,0.530,family
babysitter,noun,work,0.520,work
back,adjective,general,0.770,general
back,adverb,general,0.980,general
back,noun,body,0.980,body
back,verb,general,0.710,general
backache,noun,health,0.990,health
background,noun,general,0.740,general
backpack,noun,travel,0.610,travel
backpacker,noun,travel,1.000,travel
backpacking,noun,travel,1.000,travel
backup,noun,technology,0.800,technology
backward/backwards,adverb,general,0.950,general
backyard,noun,home,0.990,home
bacon,noun,food,1.000,food
bad,adjective,general,1.000,general
bad-tempered,adjective,feelings,1.000,feelings
badge,noun,society,0.570,society
badly,adverb,general,1.000,general
badminton,noun,sports,1.000,sports
bag,noun,shopping,0.530,shopping
baggage,noun,travel,1.000,travel
bake,verb,food,1.000,food
baker,noun,work,0.970,work
bakery,noun,food,0.740,food
balance,noun,general,0.840,general
balance,verb,general,0.920,general
balanced,adjective,general,0.900,general
balcony,noun,home,0.690,home
bald,adjective,body,1.000,body
bald,verb,body,0.610,body
baldly,adverb,communication,0.590,communication
balky,adjective,feelings,0.680,feelings
ball,noun,sports,0.950,sports
ballad,noun,arts,0.740,arts
ballet,noun,arts,0.970,arts
balloon,noun,entertainment,0.830,entertainment
ballot,noun,society,1.000,society
ban,noun,society,0.990,society
ban,verb,society,0.930,society
banana,noun,food,1.000,food
band,noun,entertainment,0.940,entertainment
bandage,noun,health,1.000,health
bang,noun,general,0.450,general
bang,verb,general,0.470,body
banish,verb,society,0.670,society
banishment,noun,society,1.000,society
bank,noun,business,0.970,business
bank,verb,business,0.620,business
bank account,noun,business,1.000,business
banker,noun,business,0.710,business
banking,noun,business,1.000,business
bankrupt,verb,business,1.000,business
bankruptcy,noun,business,1.000,business
bar,noun,general,0.440,food
bar,verb,general,0.710,general
barbecue,noun,food,0.980,food
barbecue,verb,food,1.000,food
barber,noun,work,0.980,work
barbershop,noun,city,0.530,city
bare,adjective,general,0.710,general
bare,verb,general,0.450,general
barely,adverb,general,1.000,general
bargain,noun,shopping,0.900,shopping
bargain,verb,shopping,0.540,shopping
bark,noun,animals,0.680,animals
bark,verb,animals,0.730,animals
barley,noun,food,0.960,food
barman,noun,work,0.960,work
barn,noun,general,0.390,city
barometer,noun,nature,0.930,nature
baroque,adjective,arts,1.000,arts
barrel,noun,general,0.460,home
barren,adjective,nature,0.850,nature
barrier,noun,general,0.500,general
bartender,noun,work,0.970,work
base,noun,general,0.650,general
base,verb,general,0.940,general
baseball,noun,sports,1.000,sports
basement,noun,home,1.000,home
basic,adjective,general,1.000,general
basically,adverb,general,0.990,general
basin,noun,home,0.800,home
basis,noun,general,0.960,general
basket,noun,home,0.670,home
basketball,noun,sports,1.000,sports
bat,noun,animals,0.690,animals
bat,verb,sports,0.740,sports
batch,noun,general,0.440,general
bath,noun,home,0.970,home
bathe,verb,body,0.710,body
bathhouse,noun,city,0.920,city
bathroom,noun,home,1.000,home
batter,,food,0.900,food
batter,noun,food,0.950,food
batter,verb,general,0.340,food
battered,adjective,general,0.480,general
battery,noun,technology,0.940,technology
battle,noun,society,1.000,society
battlefield,noun,society,0.990,society
bauble,noun,shopping,0.660,shopping
bay,noun,nature,0.970,nature
be,be-verb,general,1.000,general
beach,noun,nature,0.890,nature
beagle,noun,animals,1.000,animals
beak,noun,animals,0.820,animals
beam,noun,general,0.450,city
bean,noun,food,1.000,food
bear,noun,animals,1.000,animals
bear,verb,general,0.830,general
beard,noun,body,1.000,body
bearded,adjective,body,1.000,body
bearing,noun,general,0.230,travel
beast,noun,animals,1.000,animals
beat,noun,entertainment,0.510,entertainment
beat,verb,general,0.420,general
beautiful,adjective,general,0.720,general
beautifully,adverb,general,0.990,general
beautify,verb,general,0.310,general
beauty,noun,body,0.840,body
beaver,noun,animals,1.000,animals
because,conjunction,general,1.000,general
because of,preposition,general,1.000,general
become,verb,general,1.000,general
bed,noun,home,1.000,home
bedroom,noun,home,1.000,home
bedside,noun,home,0.630,home
bee,noun,animals,1.000,animals
beef,noun,food,1.000,food
been,be-verb,general,0.990,general
beer,noun,food,1.000,food
before,adverb,general,1.000,general
before,conjunction,general,1.000,general
before,preposition,general,1.000,general
beforehand,adverb,general,1.000,general
beg,verb,general,0.380,general
begin,verb,general,1.000,general
beginner,noun,education,0.920,education
beginning,noun,general,0.980,general
beguiling,adjective,feelings,0.610,feelings
beguilingly,adverb,general,0.770,general
behalf,noun,general,0.600,general
behave,verb,general,0.690,general
behavior/behaviour,noun,feelings,0.710,feelings
behest,noun,communication,0.570,communication
behind,adverb,general,1.000,general
behind,preposition,general,1.000,general
being,noun,general,0.830,general
belief,noun,feelings,0.900,feelings
believably,adverb,general,0.920,general
believe,verb,feelings,0.550,feelings
bell,noun,home,0.590,home
belligerence,noun,general,0.470,feelings
belligerent,adjective,feelings,0.660,feelings
bellow,verb,communication,0.900,communication
belly,noun,body,1.000,body
belong,verb,general,0.850,general
belongings,noun,general,0.400,travel
beloved,adjective,feelings,0.900,feelings
below,adverb,general,1.000,general
below,preposition,general,1.000,general
belt,noun,shopping,1.000,shopping
bench,noun,home,0.600,home
bend,noun,general,0.350,nature
bend,verb,body,0.530,body
beneath,preposition,general,1.000,general
beneficial,adjective,general,0.980,general
beneficiary,noun,business,0.740,business
benefit,noun,general,0.670,general
benefit,verb,general,0.880,general
benevolence,noun,feelings,1.000,feelings
benevolent,adjective,feelings,1.000,feelings
benign,adjective,health,0.660,health
benignly,adverb,general,0.740,general
bent,adjective,general,0.470,general
bequeath,verb,society,0.530,society
bereft,adjective,feelings,1.000,feelings
bereftly,adverb,feelings,0.970,feelings
berry,noun,food,0.990,food
beside,preposition,general,1.000,general
besides,adverb,general,1.000,general
besides,preposition,general,1.000,general
besiege,verb,society,0.970,society
best,adjective,general,1.000,general
best,adverb,general,1.000,general
bestow,verb,general,0.710,general
bestseller,noun,arts,0.670,arts
bet,verb,general,0.400,general
betray,verb,feelings,0.630,feelings
better,adjective,general,1.000,general
better,adverb,general,1.000,general
between,preposition,general,1.000,general
bewilder,verb,feelings,0.870,feelings
bewilderment,noun,feelings,1.000,feelings
beyond,preposition,general,1.000,general
bicycle,noun,travel,0.990,travel
bid,verb,business,0.900,business
bidding,noun,business,0.980,business
big,adjective,general,1.000,general
bike,noun,travel,1.000,travel
bikini,noun,shopping,0.990,shopping
bilingual,adjective,communication,0.990,communication
bill,noun,business,0.900,business
bill,verb,business,0.590,business
billiards,noun,sports,0.910,sports
billion,noun,general,0.950,general
bin,noun,home,0.910,home
bind,verb,general,0.780,general
bio,noun,general,0.430,work
biochemistry,noun,science,1.000,science
biography,noun,arts,0.870,arts
biological,adjective,science,0.950,science
biology,noun,science,1.000,science
biotechnology,noun,science,0.890,science
bird,noun,animals,1.000,animals
birdcage,noun,animals,0.920,animals
birth,noun,family,1.000,family
birthday,noun,general,0.470,family
birthplace,noun,general,0.470,family
biscuit,noun,food,1.000,food
bishop,noun,arts,0.910,arts
bit,noun,general,0.630,general
bite,noun,food,0.550,food
bite,verb,body,0.610,body
bitter,adjective,feelings,0.580,feelings
bitterly,adverb,feelings,0.820,feelings
bizarre,adjective,general,0.990,general
black,adjective,general,0.860,general
black,noun,general,0.560,general
blackboard,noun,education,1.000,education
blade,noun,general,0.400,home
blame,noun,feelings,0.620,feelings
blame,verb,general,0.290,communication
blandishment,noun,communication,0.810,communication
blank,adjective,general,0.990,general
blanket,noun,home,1.000,home
blankness,noun,feelings,0.890,feelings
blast,noun,general,0.450,nature
blast,verb,general,0.300,communication
blaze,noun,nature,0.970,nature
blaze,verb,nature,0.680,nature
bleed,verb,health,0.500,health
blend,noun,food,0.760,food
blend,verb,general,0.480,general
bless,verb,arts,0.760,arts
blessing,noun,arts,0.860,arts
blight,noun,nature,0.680,nature
blight,verb,nature,0.660,nature
blind,adjective,body,0.910,body
blindly,adverb,general,0.960,general
blindness,noun,health,0.810,health
blink,verb,body,0.990,body
bliss,noun,feelings,1.000,feelings
blister,noun,health,0.790,health
blister,verb,general,0.460,health
blithely,adverb,general,0.560,general
blitz,noun,society,0.750,society
blitz,verb,general,0.430,society
block,noun,city,0.970,city
block,verb,general,0.880,general
blockbuster,noun,entertainment,1.000,entertainment
blog,noun,technology,0.900,technology
blogger,noun,technology,0.630,technology
blonde,adjective,body,0.990,body
blood,noun,body,0.960,body
bloodstream,noun,body,0.530,body
bloody,adjective,general,0.480,body
bloody,adverb,general,0.950,general
bloom,noun,animals,0.780,animals
bloom,verb,animals,0.600,animals
blooming,adjective,general,0.300,general
blossom,noun,animals,0.870,animals
blow,noun,general,0.420,nature
blow,verb,general,0.370,nature
blubber,noun,animals,0.790,animals
blubbery,adjective,feelings,0.630,feelings
blue,adjective,general,0.880,general
blue,noun,general,0.580,general
blur,verb,general,0.550,general
blurb,noun,arts,0.520,arts
blurt,noun,communication,0.990,communication
blush,noun,body,0.580,body
blush,verb,feelings,0.590,feelings
board,noun,home,0.620,home
board,verb,travel,0.890,travel
board game,noun,entertainment,0.990,entertainment
boast,noun,communication,0.730,communication
boast,verb,communication,0.850,communication
boat,noun,travel,1.000,travel
body,noun,body,1.000,body
bogus,adjective,general,0.960,general
boil,verb,food,0.990,food
boiled,adjective,food,0.990,food
boiling,adjective,food,0.550,food
bold,adjective,feelings,0.890,feelings
bold,noun,feelings,0.590,feelings
boldly,adverb,general,0.900,general
bolt,noun,home,0.520,home
bolt,verb,body,0.700,body
bomb,noun,society,0.990,society
bomb,verb,general,0.360,society
bombard,noun,society,0.880,society
bomber,noun,society,0.880,society
bombing,noun,society,0.930,society
bona fide,adjective,general,0.950,general
bond,noun,family,0.500,family
bone,noun,body,1.000,body
bonus,noun,business,0.770,business
bony,adjective,body,0.990,body
book,noun,education,0.820,education
book,verb,general,0.420,general
bookcase,noun,home,1.000,home
booking,noun,travel,0.930,travel
bookish,adjective,education,0.540,education
booklet,noun,general,0.450,communication
bookmark,noun,technology,0.580,technology
bookmark,verb,technology,0.930,technology
bookshelf,noun,home,1.000,home
bookshop,noun,shopping,0.830,shopping
bookstore,noun,shopping,0.750,shopping
boom,noun,business,0.940,business
boost,noun,general,0.760,general
boost,verb,general,0.910,general
boot,noun,shopping,1.000,shopping
booth,noun,city,0.710,city
border,noun,city,0.730,city
bore,verb,feelings,0.860,feelings
bored,adjective,feelings,1.000,feelings
boredom,noun,feelings,1.000,feelings
boring,adjective,feelings,0.530,feelings
borrow,verb,business,0.600,business
boss,noun,work,1.000,work
bossy,adjective,feelings,0.990,feelings
botany,noun,science,0.990,science
both,adverb,general,1.000,general
both,determiner,general,1.000,general
both,pronoun,general,1.000,general
bother,noun,feelings,0.670,feelings
bother,verb,general,0.840,general
bothered,adjective,feelings,0.990,feelings
bothersome,adjective,general,0.750,general
bottle,noun,home,0.580,home
bottle,verb,general,0.280,communication
bottom,noun,general,0.600,general
bounce,noun,general,0.360,sports
bounce,verb,body,0.580,body
bound,adjective,general,0.750,general
bouquet,noun,animals,0.800,animals
bourbon,noun,food,1.000,food
bout,noun,sports,0.860,sports
bow,noun,sports,0.730,sports
bow,verb,body,0.840,body
bowl,noun,food,0.500,food
bowl,verb,sports,0.760,sports
box,noun,home,0.880,home
boxer,noun,sports,0.990,sports
boxing,noun,sports,1.000,sports
boy,noun,family,0.990,family
boyfriend,noun,family,1.000,family
bra,noun,shopping,1.000,shopping
bracelet,noun,shopping,1.000,shopping
bracket,noun,communication,0.600,communication
brag,noun,communication,0.830,communication
brain,noun,body,1.000,body
brainstorm,noun,work,0.600,work
brainstorming,noun,work,0.740,work
brainwash,verb,society,0.660,society
brainwashing,noun,society,0.790,society
brake,noun,travel,1.000,travel
brake,verb,travel,0.930,travel
branch,noun,animals,0.540,animals
branch,verb,general,0.370,general
brand,noun,business,0.830,business
brand-new,adjective,general,0.960,general
brandish,verb,general,0.460,body
brass,noun,general,0.360,nature
brave,adjective,feelings,0.990,feelings
bravely,adverb,feelings,0.580,feelings
bravery,noun,feelings,1.000,feelings
bread,noun,food,1.000,food
breadwinner,noun,family,0.750,family
break,noun,general,0.790,general
break,verb,general,0.920,general
breakable,adjective,general,0.800,general
breakdown,noun,general,0.230,technology
breakfast,noun,food,1.000,food
breakthrough,noun,science,0.620,science
breakup,noun,family,0.920,family
breast,noun,body,1.000,body
breath,noun,body,0.980,body
breathe,verb,body,0.990,body
breathless,adjective,body,0.560,body
breathtaking,adjective,general,0.430,general
breed,noun,animals,0.990,animals
breed,verb,animals,0.970,animals
breeding,noun,animals,0.970,animals
breeze,noun,nature,1.000,nature
breezy,adjective,nature,0.770,nature
brevity,noun,communication,0.990,communication
brewery,noun,food,0.750,food
bribe,noun,society,0.990,society
bribe,verb,society,0.990,society
bribery,noun,society,1.000,society
brick,noun,city,0.680,city
bride,noun,family,1.000,family
bridge,noun,city,0.520,city
brief,adjective,general,0.960,general
brief,noun,communication,0.520,communication
brief,verb,communication,0.730,communication
briefly,adverb,general,0.970,general
bright,adjective,general,0.940,general
brightly,adverb,general,1.000,general
brilliant,adjective,general,0.890,general
brilliantly,adverb,general,0.990,general
brim,verb,general,0.490,general
brimstone,noun,general,0.370,nature
bring,verb,general,0.970,general
brink,noun,nature,0.610,nature
broad,adjective,general,0.990,general
broadband,noun,technology,1.000,technology
broadcast,noun,entertainment,0.700,entertainment
broadcast,verb,communication,0.550,communication
broadcaster,noun,entertainment,0.610,entertainment
broaden,verb,general,0.970,general
broadly,adverb,general,1.000,general
broccoli,noun,food,1.000,food
brochure,noun,business,0.570,business
broken,adjective,general,0.980,general
bronze,noun,general,0.340,arts
brood,noun,animals,0.840,animals
brood,verb,feelings,0.760,feelings
brother,noun,family,1.000,family
brother-in-law,noun,family,1.000,family
brotherhood,noun,family,0.800,family
brouhaha,noun,general,0.470,society
brown,adjective,general,0.840,general
brown,noun,general,0.520,general
browse,verb,shopping,0.590,shopping
browser,noun,technology,1.000,technology
bruise,noun,health,0.880,health
brush,noun,home,0.840,home
brush,verb,body,0.590,body
bubble,noun,general,0.380,science
bubbly,adjective,feelings,0.890,feelings
buccaneer,noun,society,0.700,society
buccaneer,verb,society,0.650,society
bucket,noun,home,0.970,home
bud,noun,animals,0.760,animals
buddy,noun,family,1.000,family
budget,adjective,business,0.930,business
budget,noun,business,1.000,business
buffer,noun,technology,0.690,technology
buffer,verb,general,0.550,general
buffoon,noun,general,0.400,entertainment
buffoonery,noun,entertainment,0.620,entertainment
bug,noun,animals,0.990,animals
build,verb,general,0.430,general
builder,noun,work,0.950,work
building,noun,city,1.000,city
bulb,noun,home,0.670,home
bulimia,noun,health,1.000,health
bulk,noun,general,0.730,general
bulk up,verb,body,0.590,body
bulky,adjective,general,0.770,general
bull,noun,animals,1.000,animals
bullet,noun,society,0.980,society
bulletin,noun,communication,0.930,communication
bully,verb,society,0.620,society
bum,noun,body,0.600,body
bump,verb,general,0.400,body
bumper,noun,travel,0.990,travel
bun,noun,food,1.000,food
bunch,noun,general,0.900,general
burden,noun,general,0.490,general
burden,verb,general,0.610,general
burdensome,adjective,general,0.860,general
bureau,noun,home,0.500,home
bureaucracy,noun,society,0.990,society
bureaucratic,adjective,society,0.940,society
bureaucratically,adverb,society,0.900,society
burgeoning,adjective,general,0.950,general
burger,noun,food,1.000,food
burglar,noun,society,1.000,society
burglary,noun,society,1.000,society
burgle,verb,society,1.000,society
burial,noun,arts,0.590,arts
burn,noun,general,0.390,nature
burn,verb,general,0.480,general
burning,adjective,general,0.320,general
burst,noun,general,0.620,general
burst,verb,general,0.780,general
bury,verb,general,0.390,body
bus,noun,travel,1.000,travel
bus station,noun,travel,0.970,travel
bus stop,noun,travel,0.920,travel
bush,noun,general,0.480,nature
business,noun,business,0.990,business
businessman,noun,work,0.500,work
businesswoman,noun,work,0.690,work
bust,verb,general,0.280,business
bustle,verb,general,0.530,general
bustling,adjective,city,0.760,city
busy,adjective,general,0.640,general
but,conjunction,general,1.000,general
but,preposition,general,1.000,general
butcher,noun,work,0.930,work
butcher,verb,food,0.540,food
butter,noun,food,1.000,food
butterfly,noun,animals,1.000,animals
button,noun,shopping,0.990,shopping
buy,verb,shopping,0.990,shopping
buyer,noun,shopping,0.770,shopping
buzz,noun,general,0.280,communication
buzz,verb,communication,0.530,communication
buzzard,noun,animals,1.000,animals
buzzer,noun,technology,0.610,technology
by,preposition,general,1.000,general
bye,noun,communication,0.830,communication
bypass,verb,general,0.410,general
cab,noun,travel,1.000,travel
cabbage,noun,food,0.990,food
cabin,noun,general,0.490,home
cabinet,noun,home,0.980,home
cable,noun,technology,0.800,technology
cafe/café,noun,food,0.900,food
cafeteria,noun,food,0.700,food
caffeinate,verb,food,0.710,food
cage,noun,animals,0.970,animals
cake,noun,food,1.000,food
calamitous,adjective,general,0.770,general
calamitously,adverb,general,0.960,general
calamity,noun,nature,0.620,nature
calculate,verb,general,0.490,science
calculation,noun,science,0.740,science
calculator,noun,technology,0.650,technology
calendar,noun,general,0.990,general
calf,noun,animals,0.960,animals
call,noun,communication,0.990,communication
call,verb,communication,0.990,communication
caller,noun,communication,0.960,communication
callous,adjective,feelings,1.000,feelings
callously,adverb,feelings,0.980,feelings
calm,adjective,feelings,0.990,feelings
calmly,adverb,feelings,0.560,feelings
calmness,noun,feelings,1.000,feelings
calorie,noun,food,0.900,food
calorific,adjective,food,0.930,food
camel,noun,animals,1.000,animals
camera,noun,technology,0.880,technology
camp,noun,travel,0.850,travel
camp,verb,travel,0.670,travel
campaign,noun,society,0.980,society
campaign,verb,society,0.970,society
camping,noun,travel,0.680,travel
campsite,noun,travel,0.980,travel
campus,noun,education,1.000,education
can,modal auxiliary,general,0.990,general
can,noun,general,0.360,general
canal,noun,general,0.490,nature
cancel,verb,general,0.940,general
cancer,noun,health,1.000,health
candid,adjective,feelings,0.700,feelings
candidate,noun,society,0.970,society
candidly,adverb,communication,0.790,communication
candle,noun,home,0.990,home
candy,noun,food,1.000,food
cane,noun,general,0.300,home
canned,adjective,food,0.750,food
cannonball,noun,society,0.800,society
canoe,noun,travel,0.900,travel
canon,noun,arts,0.970,arts
canteen,noun,food,0.690,food
cap,noun,shopping,1.000,shopping
capability,noun,general,0.410,general
capable,adjective,general,0.830,general
capacious,adjective,general,0.990,general
capacity,noun,general,0.910,general
capital,noun,general,0.470,city
capital letter,noun,communication,0.990,communication
capsule,noun,health,0.860,health
captain,noun,work,0.710,work
caption,noun,communication,0.810,communication
captive,noun,society,0.970,society
capture,noun,society,0.630,society
capture,verb,general,0.510,general
car,noun,travel,1.000,travel
car park,noun,travel,0.770,travel
caravan,noun,travel,1.000,travel
carbon,noun,science,0.960,science
carbon dioxide,noun,science,0.750,science
carbon footprint,noun,nature,1.000,nature
carbon monoxide,noun,science,0.800,science
carbonize/carbonise,verb,science,0.940,science
card,noun,general,0.490,business
cardboard,noun,home,0.740,home
cardigan,noun,shopping,1.000,shopping
care,noun,feelings,0.530,feelings
care,verb,general,0.710,general
career,noun,work,1.000,work
carefree,adjective,feelings,1.000,feelings
careful,adjective,general,0.640,general
carefully,adverb,general,1.000,general
careless,adjective,feelings,0.600,feelings
carelessly,adverb,general,0.970,general
carelessness,noun,feelings,0.990,feelings
caring,adjective,feelings,1.000,feelings
carnival,noun,entertainment,0.900,entertainment
carpenter,noun,work,0.990,work
carpentry,noun,work,0.770,work
carpet,noun,home,1.000,home
carpool,noun,travel,1.000,travel
carriage,noun,travel,0.990,travel
carrier,noun,travel,0.690,travel
carrot,noun,food,0.990,food
carry,verb,general,0.690,general
carton,noun,general,0.420,food
cartoon,noun,entertainment,0.980,entertainment
carve,verb,arts,0.620,arts
cascade,noun,nature,0.990,nature
cascade,verb,nature,0.550,nature
case,noun,general,0.710,general
cash,noun,business,0.990,business
cashpoint,noun,business,1.000,business
cassette,noun,entertainment,0.690,entertainment
cast,noun,entertainment,0.740,entertainment
cast,verb,general,0.270,general
castle,noun,city,0.910,city
casual,adjective,general,0.610,general
casually,adverb,general,0.990,general
cat,noun,animals,1.000,animals
catalog/catalogue,noun,shopping,0.700,shopping
catalyst,noun,science,0.970,science
catastrophe,noun,nature,0.650,nature
catastrophic,adjective,general,0.700,general
catastrophically,adverb,general,0.910,general
catch,noun,general,0.260,sports
catch,verb,general,0.710,general
catchy,adjective,entertainment,0.600,entertainment
categorization/categorisation,noun,general,0.480,general
categorize/categorise,verb,general,0.810,general
category,noun,general,0.860,general
catering,noun,food,0.920,food
cathedral,noun,city,0.700,city
cattle,noun,animals,1.000,animals
cause,noun,general,0.770,general
cause,verb,general,0.980,general
caution,noun,feelings,0.610,feelings
cautious,adjective,feelings,0.860,feelings
cave,noun,nature,1.000,nature
cavity,noun,general,0.480,health
cay,noun,nature,0.980,nature
cease,verb,general,0.990,general
ceaseless,adjective,general,0.990,general
ceaselessly,adverb,general,1.000,general
ceiling,noun,home,0.950,home
celebrate,verb,entertainment,0.530,entertainment
celebration,noun,entertainment,0.800,entertainment
celebrity,noun,entertainment,1.000,entertainment
cell,noun,science,0.750,science
cellar,noun,home,0.970,home
cellist,noun,entertainment,0.530,entertainment
cello,noun,entertainment,0.660,entertainment
cemetery,noun,city,0.890,city
cent,noun,business,0.960,business
center/centre,noun,city,0.590,city
centigrade,noun,general,0.520,general
centimeter/centimetre,noun,general,1.000,general
central,adjective,general,0.890,general
central heating,noun,home,1.000,home
centralized/centralised,adjective,society,0.670,society
century,noun,general,1.000,general
cereal,noun,food,1.000,food
ceremony,noun,arts,0.880,arts
certain,adjective,general,0.950,general
certainly,adverb,general,0.990,general
certainty,noun,feelings,0.930,feelings
certificate,noun,education,0.990,education
certification,noun,education,0.910,education
certify,verb,education,0.500,education
cessation,noun,general,0.970,general
chain,noun,general,0.670,general
chair,noun,home,1.000,home
chairman,noun,work,0.720,work
challenge,noun,general,0.810,general
challenge,verb,general,0.840,general
challenging,adjective,general,0.940,general
champagne,noun,food,1.000,food
champion,noun,sports,0.990,sports
championship,noun,sports,1.000,sports
chance,noun,general,0.970,general
chancellor,noun,society,0.900,society
change,noun,general,0.960,general
change,verb,general,1.000,general
channel,noun,general,0.460,nature
chaos,noun,general,0.850,general
chaotic,adjective,general,0.980,general
chaotically,adverb,general,1.000,general
chapter,noun,education,0.890,education
character,noun,feelings,0.640,feelings
characteristic,adjective,general,0.860,general
characteristic,noun,feelings,0.580,feelings
characterization/characterisation,noun,arts,0.530,arts
characterize/characterise,verb,general,0.480,communication
charge,noun,business,0.870,business
charge,verb,general,0.380,business
chariot,noun,travel,0.790,travel
charity,noun,society,0.920,society
charm,noun,feelings,0.800,feelings
charming,adjective,feelings,0.820,feelings
chart,noun,general,0.360,general
chart,verb,general,0.280,general
charter,noun,society,0.810,society
charter,verb,travel,0.950,travel
chase,noun,general,0.310,general
chase,verb,general,0.550,general
chat,noun,communication,1.000,communication
chat,verb,communication,1.000,communication
chat show,noun,entertainment,1.000,entertainment
chauffer,noun,work,0.780,work
chauffer,verb,travel,0.830,travel
cheap,adjective,general,0.320,business
cheat,verb,general,0.390,society
check,noun,business,0.940,business
check,verb,general,0.950,general
check-in counter/check-in,noun,travel,1.000,travel
check-in desk/check-in,noun,travel,1.000,travel
checkout,noun,shopping,0.990,shopping
checkpoint,noun,travel,0.940,travel
cheek,noun,body,1.000,body
cheeky,adjective,feelings,0.970,feelings
cheer,verb,feelings,0.720,feelings
cheerful,adjective,feelings,1.000,feelings
cheerfully,adverb,feelings,0.740,feelings
cheerfulness,noun,feelings,1.000,feelings
cheese,noun,food,1.000,food
chef,noun,work,0.520,work
chemical,adjective,science,0.950,science
chemical,noun,science,0.990,science
chemist,noun,work,0.700,work
chemistry,noun,science,1.000,science
chemotherapy,noun,health,1.000,health
cheque,noun,business,1.000,business
cherish,verb,feelings,0.990,feelings
cherished,adjective,feelings,0.980,feelings
cherry,noun,food,1.000,food
chess,noun,entertainment,0.580,entertainment
chest,noun,body,0.900,body
chest of drawers,noun,home,1.000,home
chew,verb,food,0.700,food
chewing gum,noun,food,0.990,food
chicken,noun,animals,0.570,animals
chief,adjective,general,0.890,general
chief,noun,society,0.640,society
child,noun,family,1.000,family
childhood,noun,family,1.000,family
childish,adjective,feelings,0.870,feelings
chili/chilli,noun,food,1.000,food
chill,noun,nature,0.710,nature
chill,verb,general,0.340,feelings
chilly,adjective,nature,0.950,nature
chimney,noun,home,0.950,home
chimpanzee,noun,animals,1.000,animals
chin,noun,body,1.000,body
chip,noun,food,0.940,food
chirp,noun,animals,0.940,animals
chisel,verb,general,0.490,arts
chiselled,adjective,body,0.990,body
chocolate,noun,food,1.000,food
choice,noun,general,0.880,general
choir,noun,arts,0.570,arts
choke,verb,body,0.780,body
choose,verb,general,1.000,general
chop,verb,food,0.850,food
choreographical,adjective,arts,0.970,arts
choreography,noun,arts,0.940,arts
chronological,adjective,general,0.980,general
chronologically,adverb,general,0.990,general
chronology,noun,general,0.560,general
chrysalis,noun,animals,0.980,animals
chuckle,noun,general,0.380,feelings
chunk,noun,general,0.750,general
church,noun,arts,0.690,arts
churn,verb,food,0.640,food
cigarette,noun,health,0.820,health
cinema,noun,entertainment,0.990,entertainment
cinematographer,noun,entertainment,0.540,entertainment
cinematography,noun,entertainment,0.860,entertainment
circle,noun,general,0.610,general
circle,verb,general,0.680,general
circuit,noun,technology,0.800,technology
circuitry,noun,technology,1.000,technology
circular,adjective,general,0.990,general
circulate,verb,general,0.470,communication
circulation,noun,general,0.300,body
circumnavigate,verb,travel,1.000,travel
circumnavigation,noun,travel,1.000,travel
circumstance,noun,general,0.920,general
circus,noun,entertainment,0.980,entertainment
citation,noun,education,0.770,education
cite,verb,communication,0.640,communication
citizen,noun,society,0.990,society
citizenship,noun,society,1.000,society
city,noun,city,1.000,city
citywide,adjective,city,0.950,city
civil,adjective,society,0.790,society
civilization/civilisation,noun,society,0.570,society
claim,noun,communication,0.780,communication
claim,verb,communication,0.830,communication
clam,noun,animals,0.720,animals
clammy,adjective,body,0.910,body
clan,noun,family,0.820,family
clap,verb,body,0.780,body
clarify,verb,communication,0.980,communication
class,noun,education,1.000,education
class,verb,education,0.640,education
classic,adjective,general,0.830,general
classic,noun,arts,0.910,arts
classical,adjective,arts,0.860,arts
classical music,noun,general,0.490,entertainment
classification,noun,general,0.510,general
classify,verb,general,0.800,general
classmate,noun,education,0.990,education
classroom,noun,education,1.000,education
classy,adjective,general,0.490,general
clause,noun,communication,0.830,communication
claustrophobia,noun,health,0.930,health
claustrophobic,adjective,feelings,0.860,feelings
clean,adjective,general,0.810,general
clean,verb,home,0.890,home
cleaner,noun,home,0.600,home
cleanly,adverb,general,0.990,general
clear,adjective,general,0.980,general
clear,verb,general,0.850,general
clearly,adverb,general,0.970,general
clearness,noun,communication,0.860,communication
clench,verb,body,0.990,body
clerical,adjective,work,0.990,work
clerk,noun,work,1.000,work
clever,adjective,feelings,0.720,feelings
cleverness,noun,feelings,0.990,feelings
click,noun,technology,0.740,technology
click,verb,technology,0.550,technology
client,noun,business,0.670,business
cliff,noun,nature,1.000,nature
climactic,adjective,general,0.560,general
climate,noun,nature,1.000,nature
climate change,noun,nature,1.000,nature
climax,noun,arts,0.760,arts
climb,noun,general,0.380,nature
climb,verb,body,0.620,body
climber,noun,sports,0.760,sports
climbing,noun,sports,0.950,sports
clinch,verb,general,0.570,general
clinic,noun,health,1.000,health
clinical,adjective,health,1.000,health
clip,noun,home,0.500,home
cloak,noun,shopping,0.980,shopping
clock,noun,general,0.850,general
clog,verb,general,0.660,general
cloister,noun,general,0.490,arts
cloistered,adjective,general,0.400,arts
clone,verb,science,0.740,science
close,adjective,general,0.970,general
close,verb,general,0.950,general
closed,adjective,general,0.980,general
closely,adverb,general,1.000,general
closeness,noun,general,0.470,family
closure,noun,feelings,0.780,feelings
cloth,noun,general,0.460,home
clothes,noun,shopping,1.000,shopping
clothing,noun,shopping,1.000,shopping
cloud,noun,nature,1.000,nature
cloudy,adjective,nature,1.000,nature
clown,noun,entertainment,0.750,entertainment
club,noun,general,0.490,entertainment
clue,noun,general,0.360,general
clumsy,adjective,general,0.340,feelings
clutch,noun,travel,0.530,travel
clutch,verb,body,0.800,body
clutter,noun,home,0.990,home
clutter,verb,home,0.880,home
coach,noun,travel,0.650,travel
coach,verb,education,0.570,education
coaching,noun,education,0.750,education
coal,noun,nature,0.970,nature
coalition,noun,society,1.000,society
coarse,adjective,general,0.870,general
coast,noun,nature,0.950,nature
coast,verb,travel,0.600,travel
coastal,adjective,nature,0.840,nature
coastline,noun,nature,1.000,nature
coat,noun,shopping,1.000,shopping
coax,verb,communication,0.700,communication
cocktail,noun,food,0.990,food
cocoa,noun,food,1.000,food
coconut,noun,food,0.920,food
cocoon,verb,general,0.280,animals
cod,noun,animals,0.570,animals
code,noun,general,0.430,technology
coffee,noun,food,1.000,food
coffin,noun,general,0.370,arts
cogent,adjective,communication,0.750,communication
cogently,adverb,communication,0.760,communication
cognitive,adjective,general,0.240,general
coherence,noun,communication,0.960,communication
coherent,adjective,communication,0.670,communication
coin,noun,business,1.000,business
coincide,verb,general,0.990,general
coincidence,noun,general,0.960,general
coke,noun,food,0.990,food
cola,noun,food,1.000,food
cold,adjective,nature,0.860,nature
cold,noun,nature,0.840,nature
collaborate,verb,work,0.980,work
collaboration,noun,work,0.970,work
collaborative,adjective,work,0.730,work
collaborator,noun,work,0.880,work
collapse,noun,general,0.430,general
collapse,verb,general,0.690,general
collar,noun,shopping,0.960,shopping
colleague,noun,work,1.000,work
collect,verb,general,0.930,general
collection,noun,general,0.580,general
collector,noun,general,0.310,arts
college,noun,education,1.000,education
collide,verb,general,0.360,travel
collider,noun,science,0.940,science
collocation,noun,communication,0.960,communication
colloquial,adjective,communication,0.990,communication
colloquially,adverb,communication,0.830,communication
colloquium,noun,education,0.880,education
colon,noun,general,0.490,body
colonial,adjective,society,0.790,society
color/colour,noun,general,0.410,general
color/colour,verb,arts,0.500,arts
colorful/colourful,adjective,general,0.940,general
column,noun,general,0.410,communication
columnist,noun,work,0.690,work
coma,noun,health,1.000,health
comb,noun,home,0.640,home
comb,verb,body,0.900,body
combination,noun,general,0.950,general
combine,verb,general,0.980,general
combustion,noun,science,1.000,science
come,verb,general,0.880,general
comedian,noun,entertainment,0.750,entertainment
comedy,noun,entertainment,0.540,entertainment
comet,noun,science,0.970,science
comfort,noun,feelings,0.980,feelings
comfortable,adjective,general,0.700,general
comfortably,adverb,general,0.950,general
comic,adjective,general,0.350,entertainment
comic,noun,entertainment,0.810,entertainment
comma,noun,communication,1.000,communication
command,noun,general,0.390,society
commander,noun,society,0.850,society
commemorate,verb,arts,0.900,arts
commend,verb,communication,0.720,communication
commendation,noun,general,0.290,work
commensurate,adjective,general,0.980,general
commensurately,adverb,general,0.990,general
comment,noun,communication,1.000,communication
comment,verb,communication,0.990,communication
commerce,noun,business,1.000,business
commercial,adjective,business,0.990,business
commercial,noun,business,0.720,business
commercially,adverb,business,0.990,business
commission,noun,general,0.470,society
commission,verb,work,0.530,work
commit,verb,general,0.720,general
commitment,noun,feelings,0.860,feelings
committee,noun,society,0.730,society
commode,noun,home,0.980,home
commodity,noun,business,0.990,business
common,adjective,general,1.000,general
common sense,noun,general,0.510,general
commonly,adverb,general,1.000,general
commonwealth,noun,society,0.980,society
communicate,verb,communication,1.000,communication
communication,noun,communication,1.000,communication
communicative,adjective,communication,0.860,communication
community,noun,society,0.960,society
commute,verb,travel,0.690,travel
companion,noun,family,0.990,family
company,noun,business,0.980,business
comparative,noun,communication,0.860,communication
compare,verb,general,0.900,general
comparison,noun,general,0.480,general
compassion,noun,feelings,1.000,feelings
compassionate,adjective,feelings,1.000,feelings
compatible,adjective,general,0.950,general
compel,verb,general,0.820,general
compellingly,adverb,communication,0.520,communication
compensate,verb,general,0.490,general
compensation,noun,business,0.630,business
compete,verb,sports,0.590,sports
competence,noun,work,0.710,work
competent,adjective,general,0.480,general
competition,noun,sports,0.890,sports
competitive,adjective,general,0.390,general
competitor,noun,general,0.480,business
compile,verb,technology,0.950,technology
complain,verb,communication,0.780,communication
complaint,noun,communication,0.820,communication
complement,noun,general,0.570,general
complementary,adjective,general,0.990,general
complete,adjective,general,1.000,general
complete,verb,general,0.960,general
completely,adverb,general,1.000,general
completion,noun,general,0.660,general
complex,adjective,general,1.000,general
complexion,noun,body,1.000,body
complexity,noun,general,0.920,general
compliance,noun,society,0.900,society
compliant,adjective,feelings,0.670,feelings
compliantly,adverb,general,0.730,general
complicate,verb,general,0.990,general
complicated,adjective,general,1.000,general
compliment,noun,communication,0.850,communication
complimentary,adjective,general,0.280,communication
comply,verb,society,0.570,society
component,noun,general,0.580,general
compose,verb,communication,0.610,communication
composer,noun,general,0.430,arts
composition,noun,general,0.400,communication
compound,noun,general,0.450,science
comprehension,noun,education,0.780,education
comprehensive,adjective,general,0.990,general
compress,noun,technology,0.530,technology
compression,noun,technology,0.900,technology
comprise,verb,general,0.910,general
compromise,noun,general,0.490,society
compromise,verb,general,0.310,society
compromised,adjective,general,0.750,general
compulsion,noun,feelings,0.810,feelings
compulsory,adjective,general,0.530,general
compute,verb,technology,0.980,technology
computer,noun,technology,1.000,technology
computerize/computerise,verb,technology,1.000,technology
con,noun,society,0.810,society
con,verb,society,0.620,society
conceal,verb,general,0.760,general
concede,verb,communication,0.690,communication
conceit,noun,feelings,0.980,feelings
conceivable,adjective,general,0.990,general
conceive,verb,family,0.690,family
concentrate,verb,general,0.540,general
concentration,noun,general,0.480,feelings
concept,noun,general,0.670,general
conception,noun,general,0.330,family
concern,noun,feelings,0.870,feelings
concern,verb,feelings,0.510,feelings
concerned,adjective,feelings,0.970,feelings
concerning,preposition,general,1.000,general
concert,noun,entertainment,0.950,entertainment
concerto,noun,entertainment,0.510,entertainment
concession,noun,communication,0.500,communication
conciliation,noun,society,0.820,society
conciliatory,adjective,feelings,0.810,feelings
conclude,verb,general,0.530,general
conclusion,noun,communication,0.710,communication
concrete,adjective,general,0.870,general
concrete,noun,city,0.840,city
concur,verb,communication,0.580,communication
concurrence,noun,general,0.380,society
condemn,verb,society,0.730,society
condensation,noun,science,0.800,science
condition,noun,general,0.670,general
condition,verb,general,0.900,general
conditional,adjective,general,0.700,general
conditionally,adverb,general,0.990,general
condone,verb,society,0.640,society
conduct,noun,general,0.440,society
conduct,verb,general,0.650,general
conductor,noun,work,0.500,work
conduit,noun,technology,0.570,technology
cone,noun,general,0.400,nature
confabulate,verb,communication,0.750,communication
confabulation,noun,health,0.620,health
confection,noun,food,1.000,food
conference,noun,work,0.810,work
conferencing,noun,general,0.490,communication
confess,verb,communication,0.740,communication
confession,noun,communication,0.690,communication
confide,verb,communication,0.940,communication
confidence,noun,feelings,1.000,feelings
confident,adjective,feelings,0.990,feelings
confidently,adverb,general,0.480,general
confine,verb,general,0.860,general
confinement,noun,society,0.630,society
confirm,verb,general,0.600,general
confirmation,noun,communication,0.790,communication
conflict,noun,society,0.840,society
conform,verb,society,0.650,society
conformity,noun,society,0.930,society
confront,verb,communication,0.510,communication
confrontational,adjective,feelings,0.900,feelings
confrontationally,adverb,communication,0.530,communication
confuse,verb,general,0.540,general
confused,adjective,feelings,0.980,feelings
confusing,adjective,general,0.910,general
confusion,noun,feelings,0.980,feelings
conglomerate,noun,business,0.990,business
congratulate,verb,communication,0.700,communication
congregate,verb,general,0.460,general
conjecture,noun,general,0.370,science
conjecture,verb,general,0.460,communication
conjunction,noun,general,0.650,general
conjure,verb,arts,0.620,arts
connect,verb,general,0.560,general
connection/connexion,noun,communication,0.500,communication
connoisseur,noun,arts,0.920,arts
connotation,noun,communication,1.000,communication
connote,verb,communication,0.990,communication
conquer,verb,society,0.730,society
conquest,noun,society,0.960,society
conscience,noun,feelings,0.990,feelings
conscientious,adjective,feelings,0.950,feelings
conscientiously,adverb,general,0.510,general
conscious,adjective,feelings,0.820,feelings
consciousness,noun,feelings,0.940,feelings
consensus,noun,society,0.690,society
consent,noun,society,0.870,society
consequence,noun,general,0.920,general
consequently,adverb,general,0.990,general
conservation,noun,nature,1.000,nature
conservative,adjective,society,0.610,society
conservatory,noun,general,0.320,education
conserve,verb,nature,0.920,nature
consider,verb,general,0.920,general
considerable,adjective,general,1.000,general
considerably,adverb,general,1.000,general
consideration,noun,general,0.450,feelings
considering,conjunction,general,1.000,general
considering,preposition,general,1.000,general
consign,verb,business,0.990,business
consignment,noun,business,1.000,business
consist,verb,general,0.990,general
consistent,adjective,general,0.850,general
consolation,noun,feelings,1.000,feelings
console,verb,feelings,0.950,feelings
consonant,noun,communication,1.000,communication
constant,adjective,general,0.990,general
constantly,adverb,general,1.000,general
consternation,noun,feelings,1.000,feelings
constitute,verb,general,0.830,general
constitution,noun,society,0.990,society
constrained,adjective,general,0.970,general
constraint,noun,general,0.880,general
construct,verb,general,0.700,general
construction,noun,city,0.760,city
consult,verb,communication,0.590,communication
consultancy,noun,work,0.510,work
consultant,noun,work,0.980,work
consultation,noun,communication,0.610,communication
consume,verb,food,0.780,food
consumer,noun,business,0.620,business
consumption,noun,general,0.480,business
contact,noun,communication,0.940,communication
contact,verb,communication,0.990,communication
contagion,noun,health,1.000,health
contain,verb,general,0.980,general
container,noun,home,0.640,home
contaminate,verb,nature,0.670,nature
contemporary,adjective,general,0.950,general
contempt,noun,feelings,1.000,feelings
contemptuous,adjective,feelings,1.000,feelings
contemptuously,adverb,feelings,0.860,feelings
content,adjective,feelings,0.930,feelings
content,noun,communication,0.770,communication
contest,noun,sports,0.880,sports
contest,verb,general,0.330,society
contested,adjective,society,0.650,society
context,noun,communication,0.870,communication
contextual,adjective,communication,0.530,communication
contextually,adverb,general,0.470,communication
continent,noun,city,0.690,city
continual,adjective,general,1.000,general
continually,adverb,general,1.000,general
continue,verb,general,1.000,general
continuity,noun,general,0.860,general
continuous,adjective,general,1.000,general
continuously,adverb,general,1.000,general
contract,noun,business,0.870,business
contract,verb,business,0.520,business
contractor,noun,work,0.910,work
contractual,adjective,business,0.700,business
contractually,adverb,business,0.520,business
contradict,verb,communication,0.840,communication
contradiction,noun,communication,0.510,communication
contradictory,adjective,general,0.870,general
contraption,noun,technology,0.980,technology
contrary,adjective,general,0.950,general
contrast,noun,general,0.400,general
contribute,verb,general,0.800,general
contribution,noun,general,0.350,society
contrive,verb,general,0.960,general
control,noun,general,0.830,general
control,verb,general,0.970,general
controversial,adjective,general,0.450,general
controversy,noun,society,0.810,society
convenience,noun,general,0.820,general
convenient,adjective,general,1.000,general
conveniently,adverb,general,1.000,general
convention,noun,society,0.660,society
conventional,adjective,general,0.920,general
conversation,noun,communication,1.000,communication
converse,adjective,general,0.490,general
converse,noun,communication,0.750,communication
conversely,adverb,general,0.960,general
conversion,noun,general,0.470,general
convert,verb,general,0.880,general
convey,verb,communication,0.990,communication
convict,noun,society,1.000,society
convict,verb,society,1.000,society
conviction,noun,feelings,0.770,feelings
convince,verb,communication,0.880,communication
convinced,adjective,feelings,0.980,feelings
convoluted,adjective,general,0.910,general
cook,noun,work,0.590,work
cook,verb,food,1.000,food
cooker,noun,food,0.640,food
cookie,noun,food,1.000,food
cooking,noun,food,1.000,food
cool,adjective,general,0.340,general
cool,verb,general,0.300,general
cooler,noun,home,0.570,home
cooperate,verb,general,0.460,work
cooperation,noun,work,0.580,work
cooperative,adjective,feelings,0.510,feelings
cop,noun,society,0.980,society
cope,verb,feelings,0.560,feelings
copper,noun,general,0.490,nature
copy,noun,general,0.470,communication
copy,verb,general,0.680,general
copyright,noun,society,0.890,society
coral,noun,nature,0.620,nature
cordon,verb,society,0.930,society
core,noun,general,0.700,general
corn,noun,food,0.990,food
corner,noun,city,0.840,city
cornerstone,noun,city,0.700,city
cornet,noun,entertainment,0.710,entertainment
corona,noun,health,0.730,health
corporal,adjective,body,0.780,body
corporate,adjective,business,0.990,business
corporation,noun,business,1.000,business
corps,noun,society,0.850,society
corpse,noun,general,0.420,society
corpus,noun,communication,0.700,communication
correct,adjective,general,0.990,general
correct,verb,general,0.720,general
correction,noun,education,0.640,education
correctly,adverb,general,0.990,general
correctness,noun,communication,0.890,communication
correlate,noun,science,0.600,science
correlate,verb,general,0.490,science
correlation,noun,science,0.940,science
correspond,verb,communication,0.570,communication
correspondence,noun,communication,1.000,communication
correspondent,noun,work,0.690,work
corresponding,adjective,general,0.970,general
corridor,noun,city,0.680,city
corrupt,adjective,society,0.880,society
corruption,noun,society,1.000,society
cosmic,adjective,science,0.810,science
cosset,verb,feelings,0.660,feelings
cost,noun,business,0.940,business
cost,verb,business,0.940,business
cost-effective,adjective,business,0.960,business
costly,adjective,business,0.530,business
costume,noun,shopping,0.560,shopping
cottage,noun,home,0.980,home
cotton,noun,nature,0.510,nature
couch,noun,home,1.000,home
cough,noun,health,0.950,health
cough,verb,health,0.890,health
could,modal auxiliary,general,0.980,general
council,noun,society,0.990,society
counsel,noun,general,0.490,communication
counseling/counselling,noun,health,0.960,health
count,noun,general,0.800,general
count,verb,general,0.990,general
counter,noun,shopping,0.510,shopping
counter,verb,communication,0.810,communication
counterproductive,adjective,general,0.970,general
counterproductively,adverb,general,0.990,general
countless,adjective,general,1.000,general
country,noun,city,0.990,city
countryman,noun,city,0.640,city
countryside,noun,general,0.470,city
countrywide,adjective,general,0.480,city
county,noun,city,0.870,city
couple,noun,family,0.920,family
coupled,adjective,general,0.950,general
courage,noun,feelings,1.000,feelings
courageous,adjective,feelings,1.000,feelings
courgette,noun,food,1.000,food
course,noun,education,0.790,education
court,noun,society,0.980,society
courtesy,noun,feelings,0.650,feelings
cousin,noun,family,1.000,family
cover,noun,general,0.400,home
cover,verb,general,0.930,general
coverage,noun,communication,0.530,communication
cow,noun,animals,1.000,animals
coward,noun,feelings,1.000,feelings
cowardly,adjective,feelings,1.000,feelings
coziness/cosiness,noun,home,0.760,home
cozy/cosy,adjective,home,0.840,home
crab,noun,animals,0.960,animals
crack,noun,general,0.460,general
crack,verb,general,0.550,general
craft,noun,arts,0.840,arts
craft,verb,arts,0.660,arts
craftsman,noun,work,0.980,work
crash,noun,travel,0.860,travel
crash,verb,travel,0.710,travel
crater,noun,nature,0.630,nature
crave,verb,feelings,0.860,feelings
craving,noun,feelings,0.900,feelings
crawl,verb,body,0.960,body
crazy,adjective,feelings,0.910,feelings
cream,adjective,general,0.420,general
cream,noun,food,1.000,food
creamy,adjective,food,0.830,food
crease,noun,general,0.360,shopping
create,verb,general,0.900,general
creation,noun,arts,0.720,arts
creative,adjective,general,0.450,general
creatively,adverb,general,0.800,general
creativity,noun,arts,0.690,arts
creator,noun,arts,0.500,arts
creature,noun,animals,0.980,animals
credential,noun,education,0.650,education
credibility,noun,communication,0.770,communication
credible,adjective,general,0.560,general
credibly,adverb,general,0.670,general
credit,noun,business,0.960,business
credit card,noun,business,0.970,business
creek,noun,nature,1.000,nature
creepy,adjective,feelings,0.960,feelings
crew,noun,work,0.850,work
cricket,noun,sports,0.910,sports
crime,noun,society,1.000,society
criminal,adjective,society,1.000,society
criminal,noun,society,1.000,society
cripple,noun,health,0.870,health
crippling,adjective,health,0.820,health
crisis,noun,society,0.550,society
crisp,noun,food,0.960,food
criteria,noun,general,0.510,general
critic,noun,arts,0.780,arts
critical,adjective,general,0.860,general
critically,adverb,general,0.980,general
criticism,noun,communication,0.810,communication
criticize/criticise,verb,communication,0.650,communication
crocodile,noun,animals,1.000,animals
crony,noun,society,0.710,society
crop,noun,general,0.450,animals
cross,noun,arts,0.840,arts
cross,verb,travel,0.520,travel
crossing,noun,travel,0.630,travel
crossly,adverb,feelings,0.910,feelings
crossroads,noun,travel,0.900,travel
crow,noun,animals,0.990,animals
crowd,noun,general,0.450,city
crowded,adjective,general,0.670,general
crown,noun,society,0.550,society
crucial,adjective,general,1.000,general
crude,adjective,general,0.830,general
crudely,adverb,general,0.840,general
cruel,adjective,feelings,0.990,feelings
cruelly,adverb,feelings,0.520,feelings
cruelty,noun,feelings,0.730,feelings
cruise,noun,travel,1.000,travel
cruise,verb,travel,1.000,travel
crumb,noun,food,1.000,food
crumble,verb,food,0.630,food
crush,noun,feelings,0.720,feelings
cry,noun,feelings,0.730,feelings
cry,verb,feelings,0.830,feelings
crystallization/crystallisation,noun,science,0.980,science
crystallize/crystallise,verb,science,0.620,science
cube,noun,science,0.790,science
cubism,noun,arts,1.000,arts
cucumber,noun,food,0.990,food
cuff,noun,shopping,0.830,shopping
cull,verb,animals,0.770,animals
culmination,noun,general,0.960,general
cultish,adjective,general,0.380,society
cultivate,verb,nature,0.560,nature
cultural,adjective,arts,0.800,arts
culturally,adverb,general,0.510,general
culture,noun,arts,0.940,arts
cup,noun,food,0.660,food
cupboard,noun,home,0.990,home
curate,verb,arts,0.980,arts
curator,noun,arts,0.850,arts
cure,noun,health,1.000,health
cure,verb,health,1.000,health
curiosity,noun,feelings,1.000,feelings
curious,adjective,feelings,0.950,feelings
curiously,adverb,general,0.960,general
curl,noun,body,0.980,body
curly,adjective,body,0.990,body
currency,noun,business,1.000,business
current,adjective,general,0.970,general
currently,adverb,general,1.000,general
curriculum,noun,education,1.000,education
curry,noun,food,1.000,food
curse,noun,communication,0.740,communication
cursor,noun,technology,1.000,technology
curtain,noun,home,1.000,home
curve,noun,general,0.520,general
cushion,noun,home,1.000,home
custom,noun,arts,0.810,arts
customary,adjective,general,0.610,general
customer,noun,shopping,0.730,shopping
customs,noun,general,0.490,arts
cut,noun,general,0.450,general
cut,verb,general,0.770,general
cute,adjective,general,0.660,general
cyberaddict,noun,technology,0.640,technology
cybercafe/cybercafé,noun,technology,0.890,technology
cybercrime,noun,society,0.880,society
cyberpet,noun,technology,0.670,technology
cyberschool,noun,education,0.990,education
cyberspace,noun,technology,1.000,technology
cycle,noun,general,0.370,general
cycle,verb,general,0.760,general
cycling,noun,sports,0.970,sports
cyclist,noun,sports,0.890,sports
cynic,noun,feelings,0.990,feelings
cynical,adjective,feelings,1.000,feelings
cynically,adverb,feelings,0.930,feelings
cynicism,noun,feelings,1.000,feelings
dad,noun,family,1.000,family
daddy,noun,family,1.000,family
daft,adjective,feelings,0.860,feelings
daily,adjective,general,1.000,general
daily,adverb,general,1.000,general
daisy,noun,animals,0.970,animals
dam,noun,nature,0.900,nature
damage,noun,general,0.750,general
damage,verb,general,0.900,general
damaged,adjective,general,0.980,general
damn,adjective,general,0.570,general
damn,adverb,general,0.910,general
damn,interjection,feelings,0.590,feelings
damp,adjective,general,0.490,nature
dampen,verb,general,0.650,general
damply,adverb,general,0.960,general
dance,noun,entertainment,0.630,entertainment
dance,verb,general,0.450,entertainment
dancer,noun,arts,0.550,arts
dancing,noun,entertainment,0.690,entertainment
dandelion,noun,animals,0.940,animals
danger,noun,general,0.610,general
dangerous,adjective,general,0.980,general
dangerously,adverb,general,1.000,general
dare,verb,general,0.600,general
dark,adjective,general,0.960,general
darkness,noun,general,0.420,general
darkroom,noun,general,0.480,arts
darling,adjective,feelings,0.600,feelings
darling,noun,family,0.900,family
dash,noun,general,0.200,general
dash,verb,general,0.490,body
data,noun,technology,0.990,technology
database,noun,technology,1.000,technology
date,noun,general,0.940,general
date,verb,family,0.860,family
dated,adjective,general,0.990,general
dating,noun,family,0.990,family
daughter,noun,family,1.000,family
daughter-in-law,noun,family,1.000,family
daunt,verb,feelings,0.990,feelings
daunting,adjective,feelings,0.740,feelings
dawn,noun,general,0.660,general
day,noun,general,1.000,general
daydream,noun,feelings,0.970,feelings
daydream,verb,feelings,0.910,feelings
daylight,noun,nature,0.650,nature
daytime,noun,general,1.000,general
daze,noun,feelings,0.970,feelings
dazzle,noun,body,0.640,body
de facto,adjective,society,0.840,society
dead,adjective,general,0.840,general
deaden,verb,general,0.740,general
deadline,noun,work,0.780,work
deadly,adjective,general,0.900,general
deaf,adjective,body,0.880,body
deal,noun,business,0.970,business
deal,verb,business,0.800,business
dealer,noun,business,0.680,business
dear,adjective,general,0.470,feelings
dear,noun,family,0.750,family
dearly,adverb,general,0.790,general
death,noun,general,0.330,health
debate,noun,communication,0.950,communication
debit,noun,business,1.000,business
debit,verb,business,1.000,business
debit card,noun,business,0.990,business
debris,noun,nature,0.850,nature
debt,noun,business,1.000,business
debut,noun,entertainment,0.620,entertainment
debut,verb,entertainment,0.640,entertainment
decade,noun,general,1.000,general
decay,verb,general,0.410,general
deceit,noun,feelings,0.580,feelings
deceive,verb,general,0.420,communication
decent,adjective,general,0.760,general
decentralize/decentralise,verb,society,0.980,society
deceptive,adjective,feelings,0.500,feelings
decide,verb,general,0.980,general
decision,noun,general,0.720,general
decisive,adjective,feelings,0.710,feelings
deck,noun,travel,0.970,travel
declaration,noun,communication,0.850,communication
declare,verb,communication,0.970,communication
declination,noun,communication,0.670,communication
decline,noun,general,0.540,general
decline,verb,general,0.790,general
decomposition,noun,science,0.890,science
decorate,verb,home,0.650,home
decoration,noun,home,0.720,home
decorative,adjective,general,0.400,general
decrease,noun,general,0.970,general
decrease,verb,general,0.990,general
dedicate,verb,general,0.580,general
dedication,noun,feelings,0.970,feelings
deduce,verb,general,0.490,general
deduction,noun,education,0.530,education
deed,noun,society,0.710,society
deem,verb,feelings,0.550,feelings
deep,adjective,general,0.990,general
deep,adverb,general,1.000,general
deeply,adverb,general,0.980,general
deer,noun,animals,1.000,animals
defeat,noun,society,0.500,society
defeat,verb,general,0.400,society
defend,verb,general,0.490,society
defender,noun,society,0.570,society
defense/defence,noun,society,0.950,society
deficiency,noun,health,0.610,health
deficient,adjective,general,0.950,general
deficiently,adverb,general,0.970,general
deficit,noun,business,0.980,business
define,verb,communication,0.770,communication
definite,adjective,general,1.000,general
definite article,noun,communication,0.530,communication
definitely,adverb,general,1.000,general
definition,noun,communication,0.840,communication
deforestation,noun,nature,1.000,nature
defy,verb,general,0.410,general
degradation,noun,general,0.310,nature
degrade,verb,general,0.650,general
degrading,adjective,general,0.360,feelings
degree,noun,education,0.860,education
dehumanize/dehumanise,verb,society,0.930,society
delay,noun,general,0.940,general
delay,verb,general,0.990,general
delegate,noun,society,0.930,society
delete,verb,technology,0.910,technology
deliberate,adjective,general,0.680,general
deliberate,verb,general,0.480,general
deliberately,adverb,general,1.000,general
delicacy,noun,food,0.830,food
delicate,adjective,general,0.980,general
delicately,adverb,general,0.990,general
delicatessen,noun,food,0.950,food
delicious,adjective,food,1.000,food
delight,noun,feelings,0.990,feelings
delight,verb,feelings,0.990,feelings
delighted,adjective,feelings,1.000,feelings
delightful,adjective,feelings,0.810,feelings
deliver,verb,general,0.380,general
delivery,noun,shopping,0.630,shopping
demand,noun,business,0.940,business
demand,verb,general,0.360,general
demanding,adjective,general,0.410,feelings
demise,noun,general,0.350,general
demo,noun,technology,0.810,technology
democracy,noun,society,1.000,society
democratic,adjective,society,0.990,society
demographic,adjective,society,0.890,society
demographic,noun,society,0.950,society
demographically,adverb,society,0.700,society
demography,noun,science,0.560,science
demolish,verb,city,0.880,city
demolition,noun,city,0.940,city
demonstrate,verb,general,0.410,general
demonstration,noun,society,0.700,society
demystification,noun,general,0.340,general
demystify,verb,general,0.390,general
denim,noun,shopping,1.000,shopping
denotation,noun,communication,1.000,communication
denote,verb,communication,0.980,communication
denounce,verb,society,0.610,society
dense,adjective,general,0.980,general
densely,adverb,general,0.990,general
dental,adjective,health,0.780,health
dentist,noun,health,0.560,health
denunciation,noun,society,0.570,society
deny,verb,communication,0.760,communication
depart,verb,travel,0.920,travel
department,noun,work,0.670,work
department store,noun,shopping,0.990,shopping
departure,noun,travel,1.000,travel
depend,verb,general,1.000,general
dependable,adjective,feelings,0.740,feelings
dependent,adjective,general,0.860,general
dependent,noun,general,0.490,society
depict,verb,arts,0.640,arts
depiction,noun,arts,0.880,arts
deposit,noun,business,0.990,business
deposit,verb,business,0.990,business
depraved,adjective,feelings,0.870,feelings
depravity,noun,feelings,0.700,feelings
deprecate,verb,general,0.430,communication
deprecatingly,adverb,general,0.350,feelings
depressed,adjective,feelings,0.970,feelings
depressing,adjective,feelings,0.980,feelings
depression,noun,general,0.480,feelings
depressive,adjective,feelings,0.740,feelings
deprivation,noun,society,0.880,society
deprive,verb,general,0.790,general
depth,noun,general,0.780,general
deputy,noun,society,0.790,society
derelict,adjective,general,0.410,city
derelict,noun,society,0.720,society
derision,noun,feelings,0.720,feelings
derisive,adjective,feelings,0.950,feelings
derisively,adverb,general,0.410,communication
derive,verb,general,0.890,general
descend,verb,general,0.520,general
descent,noun,general,0.440,family
describe,verb,communication,0.940,communication
description,noun,communication,0.970,communication
descriptive,adjective,general,0.480,general
desert,noun,nature,1.000,nature
desert,verb,general,0.340,general
desertion,noun,society,0.920,society
deserve,verb,general,0.690,general
design,noun,arts,0.990,arts
design,verb,arts,0.960,arts
designer,adjective,shopping,0.600,shopping
designer,noun,work,0.560,work
desirable,adjective,general,0.970,general
desire,noun,feelings,1.000,feelings
desire,verb,feelings,0.980,feelings
desk,noun,home,0.830,home
desktop,noun,technology,0.970,technology
desolation,noun,feelings,0.870,feelings
despair,noun,feelings,1.000,feelings
desperate,adjective,feelings,1.000,feelings
desperately,adverb,feelings,0.600,feelings
desperation,noun,feelings,1.000,feelings
despise,verb,feelings,1.000,feelings
despite,preposition,general,1.000,general
dessert,noun,food,1.000,food
destination,noun,travel,1.000,travel
destiny,noun,general,0.420,arts
destroy,verb,general,0.940,general
destruction,noun,general,0.470,society
destructive,adjective,general,0.870,general
detach,verb,general,0.860,general
detachment,noun,feelings,0.980,feelings
detail,noun,general,0.810,general
detailed,adjective,general,0.970,general
detect,verb,general,0.560,general
detective,noun,society,0.680,society
determination,noun,feelings,1.000,feelings
determine,verb,general,0.990,general
determined,adjective,feelings,0.990,feelings
determiner,noun,communication,0.750,communication
deterrent,noun,society,0.990,society
detest,verb,feelings,1.000,feelings
detestable,adjective,feelings,0.910,feelings
detract,verb,general,0.660,general
detriment,noun,general,0.950,general
detrimental,adjective,general,0.970,general
detrimentally,adverb,general,0.990,general
detritus,noun,nature,0.780,nature
devastate,verb,general,0.320,general
devastating,adjective,general,0.750,general
develop,verb,general,0.980,general
developed,adjective,general,0.540,general
developing,adjective,general,0.740,general
development,noun,general,0.730,general
deviant,adjective,society,0.900,society
deviant,noun,society,0.990,society
deviantly,adverb,general,0.490,society
device,noun,technology,0.990,technology
devil,noun,arts,0.920,arts
devote,verb,feelings,0.550,feelings
devoted,adjective,feelings,0.980,feelings
devotee,noun,arts,0.720,arts
devotion,noun,feelings,0.940,feelings
diagram,noun,education,0.550,education
dial,noun,general,0.480,technology
dial,verb,communication,0.990,communication
dialog/dialogue,noun,communication,1.000,communication
diameter,noun,science,0.750,science
diamond,noun,shopping,0.730,shopping
diaper,noun,family,0.840,family
diarrhea/diarrhoea,noun,health,1.000,health
diary,noun,communication,0.700,communication
dictator,noun,society,1.000,society
dictionary,noun,education,0.660,education
did,do-verb,general,1.000,general
die,verb,general,0.380,general
diet,noun,food,0.670,food
differ,verb,general,0.740,general
difference,noun,general,0.950,general
different,adjective,general,1.000,general
differently,adverb,general,1.000,general
difficult,adjective,general,1.000,general
difficulty,noun,general,0.810,general
diffuse,adjective,general,0.930,general
diffuse,verb,general,0.860,general
dig,noun,general,0.250,nature
dig,verb,general,0.420,body
digest,noun,general,0.430,communication
digital,adjective,technology,0.990,technology
digital camera,noun,technology,1.000,technology
digitalization/digitalisation,noun,technology,1.000,technology
digitalize/digitalise,verb,technology,1.000,technology
dignify,verb,general,0.490,feelings
dignity,noun,feelings,0.910,feelings
dilemma,noun,feelings,0.560,feelings
diligence,noun,feelings,0.840,feelings
diligent,adjective,feelings,0.900,feelings
diligently,adverb,general,0.690,general
dim,adjective,general,0.960,general
dime,noun,business,0.990,business
dimension,noun,general,0.560,general
diminish,verb,general,0.990,general
dining room,noun,home,1.000,home
dinner,noun,food,1.000,food
dinosaur,noun,animals,0.980,animals
dioxide,noun,science,0.970,science
dip,verb,food,0.710,food
diphtheria,noun,health,1.000,health
diploma,noun,education,1.000,education
diplomat,noun,society,0.890,society
direct,adjective,general,0.890,general
direct,verb,general,0.630,general
direction,noun,travel,0.990,travel
directly,adverb,general,1.000,general
director,noun,work,0.920,work
dirt,noun,nature,0.870,nature
dirty,adjective,general,0.850,general
disability,noun,health,0.800,health
disable,verb,general,0.350,technology
disabled,adjective,health,0.790,health
disadvantage,noun,general,0.940,general
disagree,verb,communication,0.670,communication
disagreement,noun,communication,0.750,communication
disappear,verb,general,0.960,general
disappearance,noun,general,0.470,society
disappoint,verb,feelings,0.980,feelings
disappointed,adjective,feelings,1.000,feelings
disappointing,adjective,feelings,0.720,feelings
disappointment,noun,feelings,1.000,feelings
disapproval,noun,feelings,1.000,feelings
disapprove,verb,feelings,0.960,feelings
disaster,noun,nature,0.690,nature
disastrous,adjective,general,0.910,general
disc jockey/disk jockey,noun,entertainment,0.910,entertainment
discard,verb,general,0.970,general
discharge,noun,general,0.460,health
disciple,noun,arts,0.570,arts
discipline,noun,education,0.570,education
disco,noun,entertainment,0.970,entertainment
discomfort,noun,feelings,0.780,feelings
disconnect,verb,communication,0.650,communication
discount,noun,general,0.490,shopping
discourage,verb,feelings,0.780,feelings
discourse,noun,communication,1.000,communication
discover,verb,general,0.930,general
discovery,noun,science,0.540,science
discredit,verb,society,0.500,society
discriminate,verb,society,0.930,society
discrimination,noun,society,1.000,society
discuss,verb,communication,0.990,communication
discussion,noun,communication,1.000,communication
disdain,noun,feelings,1.000,feelings
disdainful,adjective,feelings,1.000,feelings
disease,noun,health,1.000,health
disgrace,noun,feelings,0.530,feelings
disguise,noun,general,0.380,body
disguise,verb,general,0.440,body
disgusting,adjective,feelings,0.750,feelings
dish,noun,food,0.910,food
dishonest,adjective,feelings,0.940,feelings
dishonesty,noun,feelings,0.880,feelings
dishwasher,noun,home,0.990,home
disillusion,verb,feelings,1.000,feelings
disillusionment,noun,feelings,1.000,feelings
disk/disc,noun,technology,0.960,technology
dislike,noun,feelings,1.000,feelings
dislike,verb,feelings,0.990,feelings
dislodge,verb,general,0.540,general
dismal,adjective,feelings,0.710,feelings
dismally,adverb,general,0.660,general
dismay,noun,feelings,1.000,feelings
dismay,verb,feelings,0.990,feelings
dismiss,verb,work,0.850,work
disorder,noun,health,0.640,health
disorderly,adjective,general,0.610,general
disorganized/disorganised,adjective,general,0.540,general
disparage,verb,communication,0.830,communication
disparagement,noun,communication,0.850,communication
disparaging,adjective,feelings,0.570,feelings
disparagingly,adverb,communication,0.540,communication
dispensable,adjective,general,0.990,general
dispensary,noun,health,0.990,health
dispense,verb,general,0.550,general
dispersal,noun,general,0.270,nature
disperse,verb,general,0.700,general
displace,verb,general,0.780,general
display,noun,general,0.240,technology
display,verb,general,0.540,general
displeasure,noun,feelings,1.000,feelings
disposal,noun,general,0.300,home
disposition,noun,feelings,0.990,feelings
dispute,noun,society,0.570,society
disqualify,verb,sports,0.550,sports
disquieting,adjective,feelings,0.960,feelings
disregard,noun,feelings,0.920,feelings
disrupt,verb,general,0.830,general
dissatisfaction,noun,feelings,1.000,feelings
dissatisfied,adjective,feelings,1.000,feelings
dissect,verb,science,0.840,science
dissection,noun,science,0.900,science
dissemble,verb,communication,0.830,communication
disseminate,verb,communication,0.990,communication
dissemination,noun,communication,0.990,communication
dissension,noun,society,0.880,society
dissident,noun,society,1.000,society
dissolve,verb,science,0.700,science
distance,noun,general,0.570,general
distant,adjective,general,0.950,general
distill,verb,science,0.860,science
distillation,noun,science,0.990,science
distinction,noun,general,0.710,general
distinctly,adverb,general,0.990,general
distinguish,verb,general,0.880,general
distinguished,adjective,general,0.750,general
distortion,noun,general,0.480,communication
distract,verb,general,0.840,general
distraction,noun,general,0.470,feelings
distressing,adjective,feelings,0.980,feelings
distribute,verb,general,0.800,general
distribution,noun,business,0.950,business
distributor,noun,business,0.950,business
district,noun,city,0.990,city
disturb,verb,general,0.950,general
disturbance,noun,general,0.480,general
dither,verb,feelings,0.810,feelings
dive,noun,sports,0.740,sports
dive,verb,sports,0.610,sports
diver,noun,sports,0.640,sports
diverge,verb,general,0.880,general
divergence,noun,general,0.640,general
divergent,adjective,general,0.970,general
diverse,adjective,general,0.960,general
diversion,noun,general,0.450,entertainment
diversity,noun,society,0.960,society
divert,verb,general,0.630,general
divide,noun,general,0.380,general
divide,verb,general,0.910,general
divided,adjective,general,0.700,general
divination,noun,arts,0.990,arts
divine,adjective,arts,0.560,arts
diving,noun,sports,0.960,sports
division,noun,general,0.230,general
divorce,noun,family,0.980,family
divorce,verb,family,0.980,family
divorced,adjective,family,1.000,family
dizzy,adjective,general,0.380,health
do,do-verb,general,1.000,general
doc,noun,health,0.940,health
docile,adjective,feelings,0.960,feelings
docilely,adverb,general,0.480,feelings
dock,noun,travel,0.570,travel
doctor/Dr./Dr,noun,health,0.900,health
document,noun,communication,0.520,communication
documentary,noun,entertainment,0.990,entertainment
does,do-verb,general,1.000,general
dog,noun,animals,1.000,animals
doing,do-verb,general,1.000,general
dole out,verb,general,0.580,general
doll,noun,entertainment,0.800,entertainment
dollar,noun,business,0.990,business
dolphin,noun,animals,1.000,animals
domestic,adjective,home,0.970,home
domestically,adverb,general,0.460,society
domesticate,verb,animals,0.990,animals
domestication,noun,animals,0.940,animals
domesticity,noun,home,0.920,home
dominant,adjective,general,0.810,general
dominantly,adverb,general,1.000,general
dominate,verb,general,0.780,general
domination,noun,society,0.980,society
donate,verb,society,0.590,society
donation,noun,society,0.630,society
done,do-verb,general,0.980,general
donkey,noun,animals,1.000,animals
doom,noun,feelings,0.640,feelings
door,noun,home,0.990,home
doorkeeper,noun,work,0.950,work
doorway,noun,home,0.960,home
dorm,noun,education,0.900,education
dormitory,noun,education,0.620,education
dose,noun,health,1.000,health
dot,noun,general,0.720,general
double,adjective,general,1.000,general
double,noun,general,0.870,general
double,verb,general,0.990,general
doubly,adverb,general,1.000,general
doubt,noun,feelings,0.990,feelings
doubt,verb,feelings,0.790,feelings
doubtful,adjective,feelings,0.790,feelings
dove,noun,animals,1.000,animals
down,adjective,general,0.630,general
down,adverb,general,0.990,general
down,preposition,general,1.000,general
downfall,noun,society,0.710,society
download,noun,technology,1.000,technology
download,verb,technology,1.000,technology
downsize,verb,business,0.680,business
downstairs,adjective,home,0.960,home
downstairs,adverb,home,0.840,home
downtown,adverb,city,0.950,city
downward,adjective,general,0.960,general
dowry,noun,family,0.990,family
doze,noun,body,0.780,body
dozen,determiner,general,1.000,general
dozen,noun,general,1.000,general
drabness,noun,feelings,0.500,feelings
draft/draught,noun,general,0.350,communication
drag,verb,body,0.750,body
drain,noun,home,0.690,home
drain,verb,general,0.410,home
drama,noun,arts,0.910,arts
dramatic,adjective,general,0.760,general
dramatically,adverb,general,1.000,general
dramatist,noun,arts,0.980,arts
drapery,noun,home,0.980,home
draw,noun,arts,0.570,arts
draw,verb,arts,0.570,arts
drawback,noun,general,0.890,general
drawer,noun,home,1.000,home
drawing,noun,arts,1.000,arts
dread,verb,feelings,1.000,feelings
dreadful,adjective,feelings,0.570,feelings
dream,noun,feelings,0.720,feelings
dream,verb,feelings,0.540,feelings
dreamy,adjective,feelings,0.980,feelings
dress,noun,shopping,1.000,shopping
dress,verb,shopping,0.750,shopping
dressed,adjective,shopping,0.830,shopping
dribble,noun,body,0.520,body
dribble,verb,sports,0.550,sports
drill,noun,general,0.370,technology
drill,verb,education,0.910,education
drink,noun,food,1.000,food
drink,verb,food,0.980,food
drinkable,adjective,food,0.960,food
drive,noun,travel,0.880,travel
drive,verb,travel,0.970,travel
driver,noun,travel,0.600,travel
driver's license/driving licence,noun,travel,0.900,travel
droop,noun,body,0.890,body
drop,noun,general,0.540,general
drop,verb,general,0.770,general
dropout,noun,education,1.000,education
drought,noun,nature,1.000,nature
drown,verb,nature,0.500,nature
drudgery,noun,work,1.000,work
drug,noun,health,0.990,health
drugstore,noun,shopping,0.600,shopping
drum,noun,entertainment,0.890,entertainment
drunk,adjective,general,0.450,feelings
dry,adjective,general,0.800,general
dry,verb,general,0.380,home
dubiously,adverb,general,0.910,general
duck,noun,animals,1.000,animals
dude,noun,family,0.690,family
due,adjective,general,0.860,general
duel,noun,society,0.570,society
dull,adjective,general,0.850,general
dumb,adjective,feelings,0.500,feelings
dump,noun,city,0.730,city
dump,verb,general,0.640,general
duplicate,noun,general,0.740,general
duplication,noun,general,0.620,general
durable,adjective,general,0.930,general
durable,noun,general,0.800,general
duration,noun,general,1.000,general
during,preposition,general,1.000,general
dust,noun,home,0.790,home
dustbin,noun,home,0.960,home
dusty,adjective,general,0.640,general
dutiful,adjective,feelings,0.960,feelings
dutifully,adverb,general,0.670,general
duty,noun,work,0.600,work
duty-free,adjective,shopping,0.520,shopping
duvet,noun,home,1.000,home
dwarf,noun,body,0.690,body
dwarf,verb,general,0.600,general
dwarfism,noun,health,0.950,health
dye,noun,general,0.450,shopping
dynamic,adjective,general,0.950,general
dynamically,adverb,general,0.990,general
dynasty,noun,society,0.700,society
each,determiner,general,1.000,general
each,pronoun,general,1.000,general
each other,pronoun,general,0.990,general
eager,adjective,feelings,0.990,feelings
eagerly,adverb,general,0.500,general
eagerness,noun,feelings,1.000,feelings
eagle,noun,animals,1.000,animals
ear,noun,body,1.000,body
earache,noun,health,0.990,health
early,adjective,general,1.000,general
early,adverb,general,1.000,general
earn,verb,business,0.710,business
earnest,adjective,feelings,0.980,feelings
earnings,noun,business,0.960,business
earring,noun,shopping,0.980,shopping
earth,noun,nature,0.960,nature
earthquake,noun,nature,1.000,nature
ease,noun,feelings,0.600,feelings
ease,verb,general,0.840,general
easily,adverb,general,1.000,general
east,adjective,travel,0.540,travel
east,adverb,travel,0.630,travel
east,noun,travel,0.880,travel
eastern,adjective,general,0.450,city
eastward,adverb,travel,0.740,travel
easy,adjective,general,1.000,general
easygoing/easy-going,adjective,feelings,0.990,feelings
eat,verb,food,0.960,food
ebb,verb,nature,0.810,nature
eccentric,adjective,feelings,0.960,feelings
eccentric,noun,feelings,0.950,feelings
eccentrically,adverb,general,0.620,general
eccentricity,noun,feelings,0.940,feelings
echo,noun,science,0.520,science
echo,verb,communication,0.850,communication
echolocate,verb,animals,0.770,animals
echolocation,noun,general,0.450,animals
eclectic,adjective,general,0.570,general
eclectic,noun,general,0.370,arts
eclectically,adverb,general,0.830,general
eco,noun,nature,0.590,nature
ecological,adjective,nature,0.960,nature
ecologically,adverb,nature,0.880,nature
ecologist,noun,general,0.340,work
ecology,noun,science,0.730,science
economic,adjective,business,1.000,business
economical,adjective,business,0.610,business
economics,noun,business,0.920,business
economist,noun,business,0.800,business
economize/economise,verb,business,0.980,business
economy,noun,business,1.000,business
ecosystem,noun,nature,0.930,nature
ecotourism,noun,travel,0.990,travel
ecstasy,noun,feelings,1.000,feelings
ecstatic,adjective,feelings,1.000,feelings
ecstatically,adverb,feelings,0.980,feelings
edge,noun,general,0.810,general
edification,noun,education,0.950,education
edifice,noun,city,1.000,city
edify,verb,education,0.900,education
edit,noun,communication,0.760,communication
edit,verb,communication,0.870,communication
edition,noun,communication,0.580,communication
editor,noun,work,0.930,work
editorial,noun,communication,0.820,communication
educate,verb,education,1.000,education
educated,adjective,education,0.960,education
education,noun,education,1.000,education
educational,adjective,education,0.980,education
educator,noun,education,0.980,education
effect,noun,general,0.860,general
effective,adjective,general,0.990,general
effectively,adverb,general,0.990,general
effectiveness,noun,general,0.640,general
efficiency,noun,work,0.800,work
efficient,adjective,general,0.740,general
effort,noun,work,0.740,work
effortless,adjective,general,0.850,general
egalitarian,adjective,society,0.930,society
egalitarian,noun,society,0.940,society
egg,noun,food,1.000,food
ego,noun,feelings,0.970,feelings
eight,number,general,1.000,general
eighteen,number,general,1.000,general
eighty,number,general,1.000,general
either,adverb,general,1.000,general
either,conjunction,general,1.000,general
either,determiner,general,1.000,general
either,pronoun,general,1.000,general
eke out,verb,general,0.480,general
elaborate,adjective,general,0.950,general
elaborate,verb,communication,0.930,communication
elaboration,noun,communication,0.960,communication
elastic,adjective,general,0.850,general
elastic,noun,general,0.350,science
elasticity,noun,science,0.750,science
elated,adjective,feelings,1.000,feelings
elation,noun,feelings,1.000,feelings
elbow,noun,body,1.000,body
elderly,adjective,general,0.440,general
elect,verb,society,0.970,society
election,noun,society,1.000,society
elective,adjective,education,0.780,education
electric,adjective,technology,0.560,technology
electrical,adjective,technology,0.650,technology
electrician,noun,work,1.000,work
electricity,noun,science,0.820,science
electrode,noun,science,0.820,science
electron,noun,science,1.000,science
electronic,adjective,technology,1.000,technology
electronically,adverb,technology,0.800,technology
electronics,noun,technology,1.000,technology
elegance,noun,general,0.350,feelings
elegant,adjective,general,0.690,general
elegantly,adverb,general,0.950,general
element,noun,science,0.710,science
elemental,adjective,general,0.390,general
elementary,adjective,general,0.580,general
elephant,noun,animals,1.000,animals
elephantine,adjective,general,0.490,general
elevate,verb,general,0.810,general
elevation,noun,nature,0.710,nature
elevator,noun,city,0.830,city
eleven,number,general,1.000,general
eligible,adjective,general,0.740,general
eliminate,verb,general,0.980,general
elite,noun,society,0.980,society
elitist,noun,society,0.780,society
elongate,verb,general,0.510,general
eloquence,noun,communication,1.000,communication
eloquent,adjective,communication,0.980,communication
else,adverb,general,1.000,general
elsewhere,adverb,general,0.980,general
elude,verb,general,0.940,general
elusive,adjective,general,0.910,general
email,verb,communication,0.860,communication
email/e-mail/E-mail,noun,communication,0.700,communication
embark,verb,travel,0.990,travel
embarrass,verb,feelings,0.990,feelings
embarrassed,adjective,feelings,1.000,feelings
embarrassing,adjective,feelings,0.920,feelings
embarrassment,noun,feelings,1.000,feelings
embassy,noun,society,0.990,society
embed,verb,technology,0.880,technology
embodiment,noun,general,0.360,general
embody,verb,general,0.670,general
embrace,noun,body,0.540,body
emerge,verb,general,0.970,general
emergence,noun,general,0.630,general
emergency,noun,general,0.440,society
eminence,noun,society,0.850,society
eminent,adjective,general,0.730,general
emolument,noun,business,0.710,business
emotion,noun,feelings,1.000,feelings
emotional,adjective,feelings,1.000,feelings
emotionally,adverb,feelings,0.970,feelings
emperor,noun,society,0.970,society
emphasis,noun,communication,0.980,communication
emphasize/emphasize,verb,communication,0.890,communication
emphatically,adverb,general,0.720,general
empire,noun,society,0.950,society
employ,verb,work,1.000,work
employee,noun,work,1.000,work
employer,noun,work,1.000,work
employment,noun,work,1.000,work
empty,adjective,general,1.000,general
emulate,verb,general,0.850,general
emulation,noun,general,0.310,feelings
emulsification,noun,science,0.700,science
emulsifier,noun,food,0.890,food
emulsify,verb,science,0.550,science
enable,verb,general,0.970,general
enabler,noun,general,0.420,health
enclose,verb,general,0.890,general
encompass,verb,general,0.980,general
encounter,noun,general,0.630,general
encounter,verb,general,0.880,general
encourage,verb,general,0.530,general
encouragement,noun,feelings,0.920,feelings
encouraging,adjective,feelings,0.590,feelings
encumber,verb,general,0.930,general
encumbrance,noun,general,0.400,business
encyclopedia/encyclopaedia,noun,education,0.950,education
end,noun,general,0.990,general
end,verb,general,1.000,general
endanger,verb,nature,0.500,nature
endangered,adjective,nature,0.600,nature
endeavor/endeavour,noun,work,0.750,work
ending,noun,general,0.360,communication
endless,adjective,general,1.000,general
endlessly,adverb,general,1.000,general
endorse,verb,general,0.490,business
endorsement,noun,business,0.810,business
endurance,noun,feelings,0.850,feelings
endure,verb,general,0.650,general
enduring,adjective,general,0.880,general
enduringly,adverb,general,0.980,general
enemy,noun,society,0.940,society
energetic,adjective,feelings,0.570,feelings
energy,noun,science,0.560,science
enforce,verb,society,1.000,society
engage,verb,general,0.630,general
engaged,adjective,family,0.530,family
engagement,noun,family,0.920,family
engender,verb,general,0.620,general
engine,noun,travel,0.650,travel
engineer,noun,work,0.940,work
engineer,verb,technology,0.690,technology
engineering,noun,technology,0.920,technology
engross,verb,feelings,0.680,feelings
engrossing,adjective,general,0.350,general
engulf,verb,nature,0.640,nature
enhance,verb,general,0.990,general
enjoy,verb,general,0.410,feelings
enjoyable,adjective,general,0.410,feelings
enjoyment,noun,feelings,0.830,feelings
enormous,adjective,general,1.000,general
enormously,adverb,general,1.000,general
enough,adverb,general,1.000,general
enough,determiner,general,1.000,general
enough,pronoun,general,1.000,general
enrich,verb,general,0.790,general
enroll/enrol,verb,education,1.000,education
ensure,verb,general,0.990,general
enter,verb,general,0.950,general
enterprise,noun,business,0.990,business
enterprising,adjective,feelings,0.740,feelings
entertain,verb,entertainment,0.980,entertainment
entertainer,noun,entertainment,0.740,entertainment
entertaining,adjective,entertainment,0.840,entertainment
entertainment,noun,entertainment,1.000,entertainment
enthuse,verb,feelings,0.980,feelings
enthusiasm,noun,feelings,1.000,feelings
enthusiast,noun,general,0.400,entertainment
enthusiastic,adjective,feelings,0.990,feelings
enthusiastically,adverb,general,0.480,general
entire,adjective,general,1.000,general
entirely,adverb,general,1.000,general
entitle,verb,society,0.860,society
entrance,noun,city,0.630,city
entrepreneur,noun,business,0.970,business
entry,noun,general,0.580,general
envelope,noun,communication,0.970,communication
enviable,adverb,feelings,0.830,feelings
environment,noun,nature,0.980,nature
environmental,adjective,nature,0.990,nature
environmentalist,noun,nature,0.880,nature
environmentally,adverb,nature,0.850,nature
environmentally friendly,adjective,nature,0.990,nature
envisage,verb,general,0.690,general
envy,noun,feelings,1.000,feelings
envy,verb,feelings,1.000,feelings
ephemera,noun,arts,0.840,arts
ephemeral,adjective,general,0.970,general
ephemerality,noun,general,0.610,general
episode,noun,entertainment,0.930,entertainment
epoxy,noun,science,0.640,science
equable,adjective,feelings,0.720,feelings
equal,adjective,general,0.990,general
equal,noun,society,0.550,society
equal,verb,general,0.950,general
equality,noun,society,1.000,society
equally,adverb,general,1.000,general
equation,noun,science,0.980,science
equilibrium,noun,science,0.820,science
equip,verb,general,0.780,general
equipment,noun,general,0.400,general
equity,noun,business,0.920,business
era,noun,general,0.860,general
erect,adjective,body,0.790,body
error,noun,general,0.530,general
erupt,verb,nature,0.970,nature
eruption,noun,nature,0.990,nature
escalator,noun,city,0.780,city
escape,noun,general,0.570,general
escape,verb,general,0.820,general
especially,adverb,general,1.000,general
essay,noun,education,0.870,education
essayist,noun,arts,0.680,arts
essence,noun,general,0.850,general
essential,adjective,general,1.000,general
essentially,adverb,general,1.000,general
establish,verb,general,0.670,general
establishment,noun,business,0.700,business
estate,noun,business,0.820,business
estimate,noun,general,0.550,general
estimate,verb,general,0.850,general
estimated,adjective,general,0.950,general
estimation,noun,general,0.780,general
etch,verb,arts,0.980,arts
etching,noun,arts,1.000,arts
eternal,adjective,general,0.980,general
eternally,adverb,general,1.000,general
eternity,noun,general,0.720,general
ethic,noun,society,0.650,society
ethical,adjective,general,0.340,society
ethically,adverb,general,0.530,general
ethnic,adjective,society,0.740,society
ethos,noun,arts,0.620,arts
euphemism,noun,communication,1.000,communication
euphemistic,adjective,communication,0.990,communication
euphemistically,adverb,communication,0.940,communication
euphoria,noun,feelings,1.000,feelings
euphoric,adjective,feelings,1.000,feelings
euphorically,adverb,feelings,0.990,feelings
euro,noun,business,0.990,business
evacuate,verb,society,0.700,society
evacuation,noun,society,0.660,society
evaluate,verb,general,0.560,general
evaluation,noun,education,0.850,education
even,adjective,general,1.000,general
even,adverb,general,1.000,general
evening,noun,general,1.000,general
evenly,adverb,general,1.000,general
event,noun,general,0.860,general
eventually,adverb,general,1.000,general
ever,adverb,general,1.000,general
everlasting,adjective,general,0.990,general
every,determiner,general,1.000,general
everybody,pronoun,general,1.000,general
everyday,adjective,general,0.990,general
everyone,pronoun,general,1.000,general
everything,pronoun,general,1.000,general
everywhere,adverb,general,1.000,general
evidence,noun,society,0.590,society
evident,adjective,general,0.990,general
evidently,adverb,general,0.990,general
evil,adjective,general,0.460,feelings
evil,noun,general,0.370,feelings
evoke,verb,feelings,0.630,feelings
evokingly,adverb,general,0.420,arts
evolution,noun,science,0.950,science
evolve,verb,science,0.560,science
ewe,noun,animals,1.000,animals
exact,adjective,general,1.000,general
exact,verb,general,0.890,general
exactly,adverb,general,1.000,general
exactness,noun,general,0.440,general
exaggerate,noun,communication,0.930,communication
exaggeration,noun,communication,1.000,communication
exalt,verb,general,0.370,general
exalted,adjective,general,0.350,general
exaltedly,adverb,feelings,0.840,feelings
exam,noun,education,1.000,education
examination,noun,education,1.000,education
examine,verb,general,0.540,general
examinee,noun,education,1.000,education
examiner,noun,education,0.980,education
example,noun,general,0.450,general
exceed,verb,general,0.990,general
excel,verb,general,0.670,general
excellence,noun,feelings,0.570,feelings
excellent,adjective,general,1.000,general
except,conjunction,general,1.000,general
except,preposition,general,1.000,general
exception,noun,general,0.860,general
exceptional,adjective,general,0.980,general
exceptionally,adverb,general,1.000,general
excess,noun,general,0.980,general
excessive,adjective,general,1.000,general
exchange,noun,business,0.600,business
exchange,verb,general,0.390,general
exchange rate,noun,business,1.000,business
excited,adjective,feelings,1.000,feelings
excitedly,adverb,feelings,0.730,feelings
excitement,noun,feelings,1.000,feelings
exciting,adjective,feelings,0.850,feelings
exclaim,verb,communication,0.980,communication
exclamation mark,noun,communication,1.000,communication
exclude,verb,general,0.930,general
exclusion,noun,society,0.970,society
exclusive,adjective,general,0.930,general
exclusively,adverb,general,1.000,general
excursion,noun,travel,1.000,travel
excuse,noun,communication,0.700,communication
excuse,verb,communication,0.530,communication
execute,verb,general,0.330,society
execution,noun,society,0.800,society
executive,adjective,work,0.580,work
executive,noun,work,0.820,work
exercise,noun,education,0.550,education
exercise,verb,sports,0.670,sports
exert,verb,general,0.590,general
exhaust,noun,travel,0.630,travel
exhaust,verb,body,0.590,body
exhausted,adjective,feelings,0.550,feelings
exhausting,adjective,general,0.400,general
exhaustion,noun,general,0.380,feelings
exhibit,verb,arts,0.620,arts
exhibition,noun,arts,0.990,arts
exhibitionist,noun,general,0.380,feelings
exhilarate,verb,feelings,1.000,feelings
exhilarating,adjective,feelings,1.000,feelings
exhilaration,noun,feelings,1.000,feelings
exile,noun,society,0.990,society
exist,verb,general,1.000,general
existence,noun,general,0.880,general
existing,adjective,general,1.000,general
exit,noun,city,0.670,city
exit,verb,general,0.670,general
exodus,noun,travel,0.510,travel
exorcism,noun,arts,0.990,arts
exorcist,noun,arts,0.830,arts
exotic,adjective,general,0.610,general
exotically,adverb,general,0.900,general
expand,verb,general,0.970,general
expansion,noun,business,0.600,business
expect,verb,general,0.910,general
expectation,noun,feelings,0.800,feelings
expected,adjective,general,0.990,general
expedite,verb,work,0.560,work
expedition,noun,travel,0.990,travel
expense,noun,business,1.000,business
expensive,adjective,general,0.390,general
experience,noun,general,0.740,general
experience,verb,general,0.810,general
experienced,adjective,work,0.560,work
experiment,noun,science,1.000,science
experiment,verb,science,0.990,science
expert,adjective,general,0.650,general
expert,noun,work,0.940,work
expire,verb,general,0.900,general
explain,verb,communication,0.920,communication
explanation,noun,communication,0.920,communication
explanatory,adjective,general,0.580,general
explode,verb,general,0.400,general
exploit,verb,general,0.390,general
exploitation,noun,society,0.800,society
exploration,noun,travel,0.820,travel
explore,verb,travel,0.620,travel
explorer,noun,travel,0.760,travel
explosion,noun,general,0.470,science
explosive,adjective,general,0.370,general
explosive,noun,science,0.550,science
explosively,adverb,general,0.960,general
export,noun,business,1.000,business
export,verb,business,1.000,business
expose,verb,general,0.330,general
express,noun,travel,0.670,travel
express,verb,communication,1.000,communication
expression,noun,communication,0.960,communication
expressive,adjective,communication,0.600,communication
exquisite,adjective,general,0.880,general
extant,adjective,general,0.570,general
extend,verb,general,0.990,general
extension,noun,general,0.400,general
extensive,adjective,general,1.000,general
extensively,adverb,general,0.990,general
extent,noun,general,0.990,general
exterior,noun,city,0.540,city
external,adjective,general,1.000,general
extinct,adjective,animals,0.680,animals
extinction,noun,nature,0.720,nature
extortion,noun,society,1.000,society
extra,adjective,general,1.000,general
extra,adverb,general,1.000,general
extra,noun,work,0.540,work
extract,noun,general,0.390,science
extract,verb,general,0.850,general
extracurricular,adjective,education,1.000,education
extracurricular,noun,education,1.000,education
extraordinarily,adverb,general,1.000,general
extraordinary,adjective,general,1.000,general
extravagance,noun,business,0.600,business
extreme,adjective,general,1.000,general
extreme sports,noun,sports,1.000,sports
extremely,adverb,general,1.000,general
exuberance,noun,feelings,1.000,feelings
exuberant,adjective,feelings,0.990,feelings
exuberantly,adverb,feelings,0.620,feelings
exude,verb,feelings,0.790,feelings
exultant,adjective,feelings,1.000,feelings
eye,noun,body,1.000,body
eyebrow,noun,body,1.000,body
eyelash,noun,body,1.000,body
eyelid,noun,body,1.000,body
eyesight,noun,body,0.960,body
fabled,adjective,arts,0.710,arts
fabric,noun,shopping,0.930,shopping
fabricate,verb,general,0.310,work
fabrication,noun,communication,0.530,communication
fabulate,verb,general,0.490,communication
fabulation,noun,arts,0.820,arts
fabulous,adjective,general,0.930,general
fabulously,adverb,general,0.990,general
face,noun,body,1.000,body
face,verb,general,0.360,body
face to face,adverb,communication,0.830,communication
face-to-face,adjective,communication,0.940,communication
facial,adjective,body,0.980,body
facial,noun,body,0.700,body
facilitate,verb,general,0.770,general
facilitation,noun,education,0.520,education
facilities,noun,city,0.780,city
facility,noun,city,0.910,city
facsimile,noun,communication,0.580,communication
fact,noun,general,0.630,general
faction,noun,society,1.000,society
factor,noun,general,0.750,general
factory,noun,work,0.580,work
faculty,noun,education,0.990,education
fade,verb,general,0.830,general
fail,verb,general,0.570,general
failure,noun,general,0.680,general
faint,adjective,general,0.480,general
faint,verb,general,0.480,health
fair,adjective,general,0.860,general
fair,noun,general,0.250,entertainment
fairly,adverb,general,1.000,general
fairy,noun,arts,0.730,arts
faith,noun,arts,0.550,arts
faithful,adjective,feelings,0.940,feelings
fake,adjective,general,0.980,general
fall,noun,nature,0.810,nature
fall,verb,body,0.500,body
fallacy,noun,communication,0.680,communication
fallen,adjective,general,0.600,general
false,adjective,general,0.970,general
falter,verb,general,0.700,general
fame,noun,entertainment,0.770,entertainment
familiar,adjective,general,0.930,general
familiarize/familiarise,verb,general,0.930,general
family,noun,family,1.000,family
famous,adjective,general,0.810,general
fan,noun,home,0.770,home
fanatic,adjective,feelings,0.980,feelings
fanatic,noun,feelings,0.950,feelings
fanatically,adverb,general,0.490,general
fanciful,adjective,general,0.610,general
fancy,adjective,general,0.740,general
fancy,noun,general,0.360,feelings
fancy,verb,feelings,0.720,feelings
fantastic,adjective,general,0.930,general
fantastically,adverb,general,1.000,general
fantasy,noun,arts,0.630,arts
far,adjective,general,0.940,general
far,adverb,general,0.990,general
faraway,adjective,general,0.940,general
farce,noun,arts,0.920,arts
farcical,adjective,general,0.450,general
fare,noun,travel,0.790,travel
farewell,noun,communication,0.790,communication
farm,noun,general,0.270,nature
farmer,noun,work,1.000,work
farming,noun,work,0.690,work
farmland,noun,nature,0.880,nature
farther,adverb,general,0.930,general
farthest,adverb,general,0.940,general
fascinate,verb,feelings,0.930,feelings
fascinated,adjective,feelings,1.000,feelings
fascinating,adjective,general,0.830,general
fascination,noun,feelings,1.000,feelings
fashion,noun,shopping,0.990,shopping
fashionable,adjective,shopping,0.980,shopping
fast,adjective,general,0.990,general
fast,adverb,general,1.000,general
fast food,noun,food,1.000,food
fasten,verb,general,0.450,general
fat,adjective,body,0.950,body
fat,noun,food,0.910,food
fatal,adjective,general,0.780,general
fatality,noun,general,0.480,health
fate,noun,arts,0.650,arts
father,noun,family,1.000,family
father-in-law,noun,family,1.000,family
fatigue,noun,health,0.510,health
fault,noun,general,0.540,general
faulty,adjective,general,0.980,general
favor/favour,noun,general,0.400,feelings
favorable/favourable,adjective,general,0.930,general
favorably/favourably,adverb,general,0.920,general
favorite/favourite,adjective,general,0.680,general
favorite/favourite,noun,feelings,0.830,feelings
fax,noun,communication,0.640,communication
fax,verb,communication,0.860,communication
fear,noun,feelings,1.000,feelings
fear,verb,feelings,1.000,feelings
fearsome,adjective,feelings,0.800,feelings
feast,noun,food,1.000,food
feat,noun,general,0.730,general
feather,noun,animals,0.840,animals
feature,noun,general,0.790,general
feature,verb,general,0.580,general
fed up,adjective,feelings,1.000,feelings
federal,adjective,society,1.000,society
fee,noun,business,0.990,business
feed,noun,food,0.800,food
feed,verb,food,0.900,food
feedback,noun,communication,0.730,communication
feel,noun,feelings,0.800,feelings
feel,verb,feelings,0.740,feelings
feeling,noun,feelings,1.000,feelings
feign,verb,general,0.380,communication
fellow,adjective,general,0.570,general
fellow,noun,family,0.560,family
female,adjective,general,0.880,general
female,noun,general,0.420,society
fence,noun,general,0.480,home
ferocious,adjective,feelings,0.760,feelings
ferociously,adverb,general,0.750,general
ferocity,noun,feelings,0.980,feelings
ferry,noun,travel,1.000,travel
ferryboat,noun,travel,1.000,travel
festival,noun,arts,0.510,arts
festive,adjective,general,0.470,entertainment
fetch,verb,general,0.500,general
fete,noun,entertainment,0.950,entertainment
fever,noun,health,1.000,health
feverishly,adverb,general,0.530,general
few,determiner,general,1.000,general
few,pronoun,general,1.000,general
fiber/fibre,noun,food,0.650,food
fiction,noun,arts,0.990,arts
fictional,adjective,arts,0.800,arts
fiddle,noun,entertainment,0.790,entertainment
fiddle,verb,general,0.410,general
fiddler,noun,entertainment,0.810,entertainment
fiddly,adjective,general,0.960,general
field,noun,nature,0.970,nature
fiend,noun,feelings,0.610,feelings
fiendish,adjective,feelings,0.780,feelings
fiendishly,adverb,general,0.840,general
fierce,adjective,feelings,0.790,feelings
fiercely,adverb,general,0.950,general
fifteen,number,general,1.000,general
fifth,noun,general,0.990,general
fifty,number,general,1.000,general
fight,noun,society,0.760,society
fight,verb,society,0.510,society
fighter,noun,sports,0.740,sports
fighting,noun,society,0.870,society
figurative,adjective,communication,0.940,communication
figuratively,adverb,communication,0.650,communication
figure,noun,body,0.640,body
figure,verb,general,0.940,general
file,noun,work,0.780,work
file,verb,work,0.630,work
filial,adjective,family,0.980,family
fill,verb,general,0.970,general
filling,noun,food,0.990,food
film,noun,entertainment,1.000,entertainment
film,verb,entertainment,0.920,entertainment
film-maker,noun,entertainment,0.510,entertainment
filter,noun,general,0.440,technology
final,adjective,general,0.990,general
final,noun,education,0.690,education
finally,adverb,general,1.000,general
finance,noun,business,1.000,business
finance,verb,business,1.000,business
financial,adjective,business,1.000,business
financially,adverb,business,0.950,business
find,verb,general,0.990,general
finding,noun,science,0.550,science
fine,adjective,general,0.990,general
fine,adverb,general,0.990,general
fine,noun,society,0.640,society
fine,verb,general,0.430,society
finely,adverb,general,1.000,general
finger,noun,body,1.000,body
fingernail,noun,body,1.000,body
finish,noun,general,0.620,general
finish,verb,general,0.980,general
fire,noun,nature,0.850,nature
fire,verb,general,0.460,work
fire brigade,noun,society,0.800,society
fire station,noun,city,0.880,city
firearm,noun,society,0.980,society
firefighter,noun,work,0.900,work
fireplace,noun,home,1.000,home
firewall,noun,technology,1.000,technology
firework,noun,entertainment,0.970,entertainment
firm,adjective,general,0.880,general
firm,noun,business,0.990,business
firm,verb,general,0.640,general
firmly,adverb,general,1.000,general
firmness,noun,feelings,0.700,feelings
first,adjective,general,1.000,general
first,adverb,general,1.000,general
first floor,noun,city,0.660,city
first lady,noun,society,0.970,society
first language,noun,communication,0.990,communication
first name,noun,communication,0.530,communication
first person,noun,communication,1.000,communication
first-floor,adjective,city,0.500,city
firstly,adverb,general,0.850,general
fiscal,adjective,business,0.820,business
fish,noun,animals,0.960,animals
fish,verb,general,0.360,sports
fisherman,noun,work,0.990,work
fishing,noun,entertainment,0.560,entertainment
fissure,noun,nature,0.870,nature
fit,adjective,general,0.490,health
fit,noun,shopping,0.560,shopping
fit,verb,general,0.420,shopping
fitness,noun,health,0.580,health
five,number,general,1.000,general
fix,noun,general,0.580,general
fix,verb,general,0.880,general
fixed,adjective,general,1.000,general
fixture,noun,home,0.880,home
flag,noun,society,0.670,society
flagging,adjective,general,0.550,general
flame,noun,nature,0.670,nature
flap,verb,body,0.590,body
flash,adjective,general,0.330,shopping
flash,noun,general,0.450,nature
flash,verb,general,0.400,general
flashback,noun,entertainment,0.650,entertainment
flask,noun,science,0.960,science
flat,adjective,general,0.920,general
flat,adverb,general,0.960,general
flat,noun,home,0.710,home
flatout,adverb,general,0.980,general
flatter,verb,communication,0.820,communication
flattery,noun,communication,0.690,communication
flavor/flavour,noun,food,1.000,food
flaw,noun,general,0.940,general
flawless,adjective,general,0.970,general
flax,noun,general,0.480,animals
flea,noun,animals,1.000,animals
flee,verb,general,0.420,general
fleet,noun,travel,0.990,travel
flesh,noun,body,0.950,body
flexibility,noun,feelings,0.580,feelings
flexible,adjective,general,0.830,general
flexibly,adverb,general,0.980,general
flick,verb,body,0.820,body
flicker,noun,general,0.370,general
flight,noun,travel,1.000,travel
flightiness,noun,feelings,1.000,feelings
flighty,adjective,feelings,0.990,feelings
flip,verb,general,0.480,general
flit,verb,body,0.510,body
float,noun,general,0.470,nature
float,verb,general,0.410,general
flock,noun,animals,0.990,animals
floe,noun,nature,1.000,nature
flood,noun,nature,1.000,nature
flood,verb,nature,0.840,nature
floodgates,noun,nature,0.750,nature
floor,noun,home,0.930,home
flour,noun,food,1.000,food
flourish,noun,general,0.480,arts
flourish,verb,general,0.830,general
flow,noun,general,0.520,general
flow,verb,general,0.800,general
flower,noun,animals,0.950,animals
flu,noun,health,1.000,health
fluctuate,verb,general,0.680,general
fluctuation,noun,general,0.490,business
fluency,noun,communication,0.990,communication
fluent,adjective,communication,0.990,communication
fluently,adverb,communication,0.970,communication
fluid,adjective,general,0.560,general
flunk,verb,education,1.000,education
flute,noun,entertainment,0.690,entertainment
flutter,noun,general,0.340,body
fly,noun,animals,0.720,animals
fly,verb,travel,0.800,travel
focus,noun,general,0.760,general
focus,verb,general,0.880,general
fog,noun,nature,1.000,nature
foggy,adjective,nature,0.990,nature
fold,noun,general,0.420,nature
fold,verb,general,0.580,general
folder,noun,work,0.580,work
folk,noun,society,0.550,society
folktale,noun,arts,1.000,arts
follow,verb,general,0.930,general
follower,noun,general,0.460,society
following,adjective,general,0.990,general
following,preposition,general,1.000,general
folly,noun,feelings,0.800,feelings
fond,adjective,feelings,1.000,feelings
fondly,adverb,feelings,0.840,feelings
fondness,noun,feelings,1.000,feelings
food,noun,food,1.000,food
fool,noun,feelings,0.910,feelings
fool,verb,general,0.600,general
foolish,adjective,feelings,0.910,feelings
foolishly,adverb,general,0.850,general
foot,noun,body,1.000,body
football,noun,sports,1.000,sports
footballer,noun,sports,0.990,sports
footnote,noun,communication,0.670,communication
for,conjunction,general,1.000,general
for,preposition,general,1.000,general
forbid,verb,general,0.740,general
forbidden,adjective,general,0.640,general
force,noun,science,0.720,science
force,verb,general,0.650,general
forcefully,adverb,general,0.640,general
forecast,noun,nature,0.970,nature
forehead,noun,body,1.000,body
foreign,adjective,general,0.640,general
foreigner,noun,general,0.490,society
foreman,noun,work,0.990,work
forensic,adjective,society,0.870,society
foresee,verb,general,0.920,general
forest,noun,nature,0.890,nature
forestry,noun,nature,0.760,nature
forever,adverb,general,1.000,general
forfeit,verb,society,0.570,society
forfeiture,noun,society,0.980,society
forget,verb,general,0.910,general
forgive,verb,feelings,0.950,feelings
fork,noun,food,0.990,food
forlorn,adjective,feelings,1.000,feelings
forlornly,adverb,feelings,0.970,feelings
form,noun,general,0.730,general
form,verb,general,0.840,general
formal,adjective,general,0.890,general
formality,noun,general,0.480,communication
formally,adverb,general,0.970,general
format,noun,general,0.290,technology
format,verb,general,0.330,technology
formation,noun,general,0.640,general
former,adjective,general,0.990,general
formerly,adverb,general,1.000,general
formidable,adjective,general,0.780,general
formidably,adverb,general,0.970,general
formula,noun,science,0.950,science
formulate,verb,communication,0.770,communication
forth,adverb,general,1.000,general
forthcoming,adjective,general,0.920,general
fortnight,noun,general,1.000,general
fortunate,adjective,general,0.530,general
fortunately,adverb,general,0.990,general
fortune,noun,business,0.920,business
forty,number,general,1.000,general
forward,adverb,general,0.980,general
fossil,noun,science,0.590,science
foul,adjective,general,0.860,general
found,verb,general,0.990,general
foundation,noun,general,0.460,city
fountain,noun,city,0.970,city
four,number,general,1.000,general
fourteen,number,general,1.000,general
fox,noun,animals,1.000,animals
fraction,noun,general,0.550,general
fractious,adjective,feelings,0.980,feelings
fragment,noun,general,0.570,general
fragmentation,noun,society,0.590,society
fragrance,noun,body,0.880,body
frame,noun,general,0.470,home
frame,verb,general,0.330,society
frank,adjective,feelings,0.530,feelings
frankly,adverb,communication,0.610,communication
frantically,adverb,general,0.590,general
fraud,noun,society,0.950,society
freak,verb,feelings,0.780,feelings
free,adjective,general,0.980,general
free,adverb,general,1.000,general
free,verb,general,0.870,general
freedom,noun,society,0.900,society
freely,adverb,general,0.980,general
freeze,verb,nature,0.800,nature
freezer,noun,home,0.700,home
freezing,adjective,nature,0.940,nature
frequency,noun,general,0.810,general
frequent,adjective,general,1.000,general
frequently,adverb,general,1.000,general
fresh,adjective,general,0.630,general
freshman,noun,education,1.000,education
fridge,noun,home,0.840,home
fried,adjective,food,1.000,food
friend,noun,family,1.000,family
friendliness,noun,feelings,0.970,feelings
friendly,adjective,feelings,0.870,feelings
friendship,noun,family,0.980,family
frigate,noun,travel,0.860,travel
fright,noun,feelings,1.000,feelings
frighten,verb,feelings,0.980,feelings
frightened,adjective,feelings,1.000,feelings
frightening,adjective,feelings,0.910,feelings
frog,noun,animals,1.000,animals
frolic,verb,entertainment,0.850,entertainment
from,preposition,general,1.000,general
front,adjective,general,0.950,general
front,noun,general,0.720,general
frontier,noun,city,0.590,city
frost,noun,nature,1.000,nature
frost,verb,nature,0.750,nature
frostily,adverb,feelings,0.800,feelings
frosty,adjective,nature,0.900,nature
frozen,adjective,general,0.490,nature
frugal,adjective,feelings,0.710,feelings
fruit,noun,food,1.000,food
fruition,noun,general,0.760,general
frustrated,adjective,feelings,1.000,feelings
frustration,noun,feelings,1.000,feelings
fry,noun,food,0.910,food
fry,verb,food,1.000,food
frying pan,noun,food,0.970,food
fuel,noun,travel,0.960,travel
fulfill/fulfil,verb,general,0.800,general
full,adjective,general,1.000,general
full stop,noun,communication,0.990,communication
full-time,adjective,work,0.980,work
full-time,adverb,work,0.840,work
fully,adverb,general,1.000,general
fume,noun,nature,0.610,nature
fun,adjective,entertainment,0.720,entertainment
fun,noun,entertainment,0.940,entertainment
function,noun,general,0.730,general
function,verb,general,0.820,general
functional,adjective,general,0.980,general
functionality,noun,technology,0.950,technology
fund,noun,business,1.000,business
fund,verb,business,0.990,business
fundamental,adjective,general,1.000,general
funeral,noun,family,0.530,family
funk,noun,feelings,0.550,feelings
funky,adjective,entertainment,0.560,entertainment
funny,adjective,general,0.540,general
fur,noun,animals,0.720,animals
furious,adjective,feelings,1.000,feelings
furiously,adverb,feelings,0.790,feelings
furnish,verb,home,1.000,home
furniture,noun,home,1.000,home
furor/furore,noun,general,0.470,society
further,adjective,general,0.980,general
further,adverb,general,1.000,general
furthermore,adverb,general,0.930,general
furthest,adverb,general,0.980,general
fuse,verb,general,0.560,general
fusion,noun,general,0.330,food
fuss,noun,general,0.480,feelings
future,adjective,general,1.000,general
future,noun,general,1.000,general
gadget,noun,technology,0.980,technology
gaiety,noun,feelings,0.890,feelings
gain,noun,business,0.790,business
gain,verb,general,0.670,general
gale,noun,nature,1.000,nature
gall,noun,feelings,0.530,feelings
gallery,noun,arts,0.960,arts
gallon,noun,general,1.000,general
gambit,noun,sports,0.720,sports
gambling,noun,general,0.400,entertainment
game,noun,entertainment,0.680,entertainment
gamely,adverb,general,0.470,feelings
gang,noun,society,0.970,society
gangster,noun,society,1.000,society
gap,noun,general,0.860,general
gape,verb,body,0.960,body
garage,noun,home,0.650,home
garbage,noun,home,0.620,home
garden,noun,general,0.440,nature
gardener,noun,work,0.940,work
gardening,noun,entertainment,0.550,entertainment
garlic,noun,food,1.000,food
garment,noun,shopping,1.000,shopping
gas,noun,travel,0.500,travel
gasp,noun,body,0.960,body
gate,noun,home,0.520,home
gateway,noun,general,0.460,travel
gather,verb,general,0.910,general
gauche,adjective,feelings,0.870,feelings
gaudy,adjective,general,0.540,general
gay,adjective,feelings,0.570,feelings
gaze,noun,body,0.970,body
gear,noun,general,0.420,technology
gee,interjection,general,0.500,general
gem,noun,shopping,0.790,shopping
gender,noun,society,0.640,society
gene,noun,science,0.910,science
general,adjective,general,1.000,general
general,noun,society,0.720,society
generalization/generalisation,noun,communication,0.600,communication
generalize/generalise,verb,general,0.630,general
generally,adverb,general,1.000,general
generate,verb,general,0.860,general
generation,noun,family,0.620,family
generosity,noun,feelings,1.000,feelings
generous,adjective,feelings,0.980,feelings
generously,adverb,general,0.590,general
genetic,adjective,science,0.850,science
genetically,adverb,science,0.580,science
genetics,noun,science,1.000,science
genius,noun,feelings,0.890,feelings
genome,noun,science,0.930,science
genomic,adjective,science,0.950,science
genomically,adverb,science,0.900,science
genre,noun,arts,0.810,arts
gentle,adjective,feelings,0.690,feelings
gentleman,noun,society,0.630,society
gently,adverb,general,1.000,general
genuine,adjective,general,0.930,general
genuinely,adverb,general,0.820,general
geographic,adjective,general,0.380,city
geographical,adjective,general,0.350,city
geography,noun,general,0.360,science
geological,adjective,science,0.680,science
geologically,adverb,science,0.610,science
geology,noun,science,0.990,science
germ,noun,health,0.990,health
gesture,noun,communication,0.660,communication
get,verb,general,1.000,general
getaway,noun,travel,0.990,travel
ghetto,noun,city,0.500,city
ghost,noun,arts,0.640,arts
ghostly,adjective,general,0.640,general
giant,adjective,general,0.800,general
gift,noun,general,0.440,shopping
gifted,adjective,general,0.420,feelings
gig,noun,entertainment,0.930,entertainment
giggle,noun,feelings,0.500,feelings
ginger,noun,food,1.000,food
giraffe,noun,animals,1.000,animals
girl,noun,family,0.980,family
girlfriend,noun,family,1.000,family
give,verb,general,0.990,general
giveaway,noun,business,0.740,business
given,adjective,general,0.990,general
glacis,noun,society,0.500,society
glad,adjective,feelings,1.000,feelings
glamorous/glamourous,adjective,general,0.420,body
glance,noun,body,0.950,body
glance,verb,body,0.820,body
glare,noun,general,0.430,body
glass,noun,home,0.860,home
glasses,noun,shopping,0.580,shopping
gleam,noun,general,0.400,body
glean,verb,general,0.300,work
glee,noun,feelings,1.000,feelings
glide,noun,general,0.280,travel
glimpse,noun,body,0.840,body
glint,noun,body,0.520,body
glint,verb,body,0.580,body
glitz,noun,entertainment,0.900,entertainment
glitzy,adjective,entertainment,0.500,entertainment
global,adjective,general,0.910,general
global warming,noun,nature,1.000,nature
globally,adverb,general,0.990,general
globe,noun,general,0.380,city
glocal,adjective,business,0.730,business
gloomy,adjective,feelings,1.000,feelings
glorify,verb,general,0.350,arts
glorious,adjective,general,0.770,general
glory,noun,feelings,0.590,feelings
glory in,verb,feelings,0.960,feelings
glove,noun,shopping,1.000,shopping
glow,noun,general,0.300,nature
glum,adjective,feelings,1.000,feelings
glumly,adverb,feelings,0.980,feelings
gnaw,verb,body,0.690,body
go,noun,general,0.670,general
go,verb,general,0.810,general
goal,noun,general,0.770,general
goalkeeper,noun,sports,1.000,sports
goat,noun,animals,1.000,animals
god,noun,arts,1.000,arts
goddess,noun,arts,1.000,arts
godly,adjective,arts,0.650,arts
gold,adjective,general,0.690,general
gold,noun,business,0.650,business
golden,adjective,general,0.940,general
golf,noun,sports,1.000,sports
golfer,noun,sports,1.000,sports
good,adjective,general,1.000,general
good,noun,general,0.840,general
good afternoon,interjection,communication,0.880,communication
good morning,interjection,communication,0.820,communication
good night,interjection,communication,0.790,communication
good-looking,adjective,body,1.000,body
goodness,interjection,feelings,0.550,feelings
goods,noun,shopping,0.610,shopping
goodwill,noun,feelings,0.560,feelings
gook,noun,society,0.710,society
goose,noun,animals,1.000,animals
gorge,noun,nature,1.000,nature
gorgeous,adjective,body,0.630,body
gorilla,noun,animals,1.000,animals
gossip,noun,communication,0.970,communication
gossip,verb,communication,0.990,communication
gourmet,adjective,food,1.000,food
gourmet,noun,food,1.000,food
gout,noun,health,1.000,health
govern,verb,society,0.980,society
government,noun,society,1.000,society
governmental,adjective,society,1.000,society
governor,noun,society,1.000,society
gown,noun,shopping,1.000,shopping
grab,verb,body,0.770,body
grace,noun,feelings,0.650,feelings
graceful,adjective,body,0.640,body
gracefulness,noun,body,0.690,body
grade,noun,education,0.990,education
grade,verb,education,0.990,education
gradual,adjective,general,1.000,general
gradually,adverb,general,1.000,general
graduate,noun,education,1.000,education
graduate,verb,education,1.000,education
graduation,noun,education,1.000,education
graft,noun,general,0.240,animals
graft,verb,work,0.560,work
grain,noun,food,0.990,food
gram/gramme,noun,general,0.960,general
grammar,noun,communication,0.890,communication
grand,adjective,general,0.990,general
grandchild,noun,family,1.000,family
granddad,noun,family,1.000,family
granddaughter,noun,family,1.000,family
grandfather,noun,family,1.000,family
grandma,noun,family,1.000,family
grandmother,noun,family,1.000,family
grandpa,noun,family,1.000,family
grandparent,noun,family,1.000,family
grandson,noun,family,1.000,family
granny,noun,family,1.000,family
grant,noun,business,0.580,business
grant,verb,general,0.290,general
grape,noun,food,1.000,food
grapefruit,noun,food,1.000,food
graph,noun,science,0.740,science
graphic,adjective,general,0.620,general
graphically,adverb,general,0.550,general
graphics,noun,technology,0.560,technology
grasp,noun,body,0.680,body
grass,noun,nature,0.560,nature
grateful,adjective,feelings,1.000,feelings
gratitude,noun,feelings,1.000,feelings
grave,noun,general,0.380,city
gravestone,noun,arts,0.580,arts
gravitate,verb,general,0.580,general
gravitation,noun,science,1.000,science
gravitational,adjective,science,1.000,science
gravitationally,adverb,science,0.950,science
gravy,noun,food,1.000,food
gray/grey,adjective,general,0.920,general
gray/grey,noun,general,0.610,general
great,adjective,general,1.000,general
greatly,adverb,general,1.000,general
greatness,noun,feelings,0.870,feelings
greedy,adjective,feelings,0.990,feelings
green,adjective,general,0.850,general
green,noun,general,0.440,general
greenhouse,noun,nature,0.540,nature
greet,verb,communication,0.900,communication
greeting,noun,communication,0.990,communication
grief,noun,feelings,1.000,feelings
grievance,noun,society,0.730,society
grieve,verb,feelings,1.000,feelings
grill,noun,food,0.980,food
grill,verb,food,0.990,food
grilled,adjective,food,0.980,food
grim,adjective,feelings,0.920,feelings
grin,noun,body,0.730,body
grip,noun,body,0.840,body
grip,verb,body,0.920,body
grocery store,noun,shopping,0.760,shopping
groom,noun,work,0.550,work
gross,adjective,general,0.790,general
ground,noun,nature,0.860,nature
ground,verb,general,0.420,general
ground floor,noun,city,0.790,city
grounds,noun,general,0.350,nature
group,noun,general,0.650,general
group,verb,general,0.940,general
grouping,noun,general,0.830,general
grow,verb,general,0.740,general
growing,adjective,general,0.970,general
grown-up,adjective,family,0.760,family
grown-up,noun,family,0.990,family
growth,noun,general,0.620,general
gruelling,adjective,general,0.490,general
gruesome,adjective,general,0.420,general
gruesomely,adverb,general,0.810,general
grumble,verb,feelings,0.560,feelings
guarantee,noun,business,0.670,business
guarantee,verb,business,0.580,business
guard,noun,society,0.680,society
guard,verb,general,0.490,society
guerrilla,noun,society,1.000,society
guess,noun,general,0.540,general
guess,verb,general,0.880,general
guest,noun,general,0.370,home
guidance,noun,general,0.390,general
guide,noun,travel,0.860,travel
guide,verb,general,0.500,general
guidebook,noun,travel,1.000,travel
guideline,noun,general,0.630,general
guilt,noun,feelings,1.000,feelings
guilty,adjective,feelings,0.750,feelings
guitar,noun,entertainment,0.940,entertainment
guitarist,noun,entertainment,0.860,entertainment
gulp,noun,body,0.770,body
gum,noun,body,0.860,body
gun,noun,society,0.950,society
gunshot,noun,society,0.920,society
gush,noun,nature,0.620,nature
gush,verb,general,0.300,body
gushing,adjective,feelings,0.600,feelings
gushingly,adverb,general,0.490,communication
gusto,noun,feelings,0.520,feelings
guts,noun,body,0.940,body
gutsy,adjective,feelings,1.000,feelings
guy,noun,general,0.430,general
gym,noun,sports,0.970,sports
gymnastic,adjective,sports,0.970,sports
gymnastics,noun,sports,1.000,sports
gypsy,noun,society,0.580,society
habit,noun,general,0.280,health
habitant,noun,city,0.860,city
habitat,noun,general,0.490,nature
habitation,noun,home,0.850,home
hack,noun,technology,0.790,technology
hack,verb,technology,0.760,technology
had,have-verb,general,1.000,general
haggle,verb,shopping,0.850,shopping
hail,verb,general,0.440,nature
hair,noun,body,1.000,body
haircut,noun,body,0.950,body
hairdresser,noun,work,0.960,work
hairdryer,noun,home,0.960,home
hairy,adjective,body,0.990,body
half,adverb,general,1.000,general
half,determiner,general,1.000,general
half,noun,general,1.000,general
half,pronoun,general,1.000,general
half-price,adjective,shopping,0.670,shopping
half-price,adverb,shopping,0.630,shopping
hall,noun,home,0.890,home
ham,noun,food,1.000,food
hamburger,noun,food,1.000,food
hammer,noun,home,0.700,home
hammer,verb,general,0.400,work
hamper,verb,general,0.910,general
hand,noun,body,1.000,body
hand,verb,general,0.520,general
hand-held,adjective,technology,0.590,technology
handbag,noun,shopping,0.990,shopping
handball,noun,sports,1.000,sports
handicap,noun,health,0.660,health
handicapped,adjective,health,0.760,health
handicraft,noun,arts,0.960,arts
handkerchief,noun,shopping,0.610,shopping
handle,noun,home,0.720,home
handle,verb,general,0.830,general
handout,noun,education,0.940,education
handrail,noun,city,0.570,city
handshake,noun,general,0.320,body
handsome,adjective,body,0.990,body
handwriting,noun,communication,0.910,communication
handy,adjective,general,0.960,general
hang,noun,general,0.180,general
hang,verb,general,0.540,general
hanging,adjective,general,0.550,general
hanging,noun,society,0.640,society
haphazard,adjective,general,0.990,general
haphazardly,adverb,general,1.000,general
hapless,adjective,feelings,0.680,feelings
happen,verb,general,1.000,general
happenstance,noun,general,0.970,general
happily,adverb,general,0.660,general
happiness,noun,feelings,1.000,feelings
happy,adjective,feelings,1.000,feelings
harass,verb,society,0.840,society
harassment,noun,society,0.940,society
harbor/harbour,noun,travel,0.560,travel
harbor/harbour,verb,general,0.300,society
hard,adjective,general,0.990,general
hard,adverb,general,1.000,general
hard drive,noun,technology,1.000,technology
hard-working,adjective,feelings,0.640,feelings
hardly,adverb,general,1.000,general
hardship,noun,general,0.380,society
hardware,noun,technology,0.970,technology
harm,noun,general,0.500,general
harm,verb,general,0.830,general
harmful,adjective,general,0.730,general
harmless,adjective,general,0.870,general
harmony,noun,general,0.340,feelings
harness,noun,animals,0.810,animals
harrow,noun,general,0.430,nature
harvest,noun,nature,0.630,nature
harvest,verb,nature,0.500,nature
has,have-verb,general,1.000,general
haste,noun,general,0.590,general
hastily,adverb,general,1.000,general
hasty,adjective,general,0.630,general
hat,noun,shopping,1.000,shopping
hatch,noun,general,0.360,animals
hatching,noun,animals,0.960,animals
hate,noun,feelings,1.000,feelings
hate,verb,feelings,1.000,feelings
hatred,noun,feelings,1.000,feelings
haughtily,adverb,feelings,0.740,feelings
haughty,adjective,feelings,1.000,feelings
haunt,noun,general,0.450,city
haunt,verb,general,0.410,general
haunting,adjective,feelings,0.810,feelings
hauntingly,adverb,general,0.600,general
have,have-verb,general,1.000,general
have to,modal auxiliary,general,0.970,general
haven,noun,city,0.550,city
hay,noun,animals,0.720,animals
hazard,noun,general,0.510,general
hazard,verb,general,0.450,general
hazardous,adjective,general,0.870,general
he,pronoun,general,1.000,general
head,noun,body,1.000,body
head,verb,sports,0.500,sports
headache,noun,health,1.000,health
headline,noun,communication,0.540,communication
headmistress,noun,education,1.000,education
headphone,noun,technology,0.880,technology
headquarters,noun,general,0.480,business
headstrong,adjective,feelings,0.990,feelings
headteacher,noun,education,1.000,education
heal,verb,health,1.000,health
healing,adjective,health,0.960,health
health,noun,health,1.000,health
health care,noun,health,1.000,health
healthy,adjective,health,0.980,health
heap,noun,general,0.810,general
heap,verb,general,0.850,general
hear,verb,body,0.810,body
hearing,noun,body,0.620,body
heart,noun,body,0.980,body
heart attack,noun,health,1.000,health
heartbreaking,adjective,feelings,1.000,feelings
hearted,adjective,feelings,0.990,feelings
heartwarming/heart-warming,adjective,feelings,0.990,feelings
hearty,adjective,feelings,0.540,feelings
heat,noun,nature,0.870,nature
heat,verb,food,0.630,food
heater,noun,home,0.980,home
heating,noun,home,0.960,home
heaven,noun,arts,0.960,arts
heavenly,adjective,general,0.580,general
heavily,adverb,general,1.000,general
heavy,adjective,general,0.990,general
hedge,noun,general,0.480,nature
hedgehog,noun,animals,1.000,animals
heel,noun,body,0.960,body
heifer,noun,animals,1.000,animals
height,noun,body,0.630,body
heighten,verb,general,0.810,general
helicopter,noun,travel,0.990,travel
hell,noun,arts,0.870,arts
hello,noun,communication,0.980,communication
helm,noun,travel,0.960,travel
helmet,noun,sports,0.500,sports
help,noun,general,0.910,general
help,verb,general,0.990,general
helper,noun,work,0.890,work
helpful,adjective,general,0.520,general
helpless,adjective,feelings,0.980,feelings
hemp,noun,animals,0.500,animals
hence,adverb,general,0.990,general
her,determiner,general,0.990,general
her,pronoun,general,1.000,general
herald,noun,general,0.360,communication
herald,verb,communication,0.930,communication
herb,noun,food,0.840,food
herd,noun,animals,1.000,animals
here,adverb,general,1.000,general
heritage,noun,arts,1.000,arts
hermetic,adjective,general,0.690,general
hermit,noun,general,0.300,feelings
hero,noun,general,0.410,arts
heroine,noun,arts,0.710,arts
hers,pronoun,general,1.000,general
herself,pronoun,general,1.000,general
hesitate,verb,feelings,0.680,feelings
hesitation,noun,feelings,0.910,feelings
hey,interjection,communication,0.820,communication
hi,interjection,communication,0.890,communication
hibernate,verb,animals,0.960,animals
hibernation,noun,animals,0.970,animals
hidden,adjective,general,1.000,general
hide,verb,general,0.770,general
high,adjective,general,0.990,general
high,adverb,general,1.000,general
high school,noun,education,1.000,education
high-tech/hi-tech,adjective,technology,1.000,technology
highlight,noun,general,0.420,communication
highlight,verb,communication,0.500,communication
highly,adverb,general,1.000,general
highway,noun,travel,0.990,travel
hijack,noun,society,0.830,society
hijack,verb,society,0.830,society
hike,noun,general,0.320,sports
hiking,noun,sports,0.780,sports
hilarious,adjective,feelings,0.720,feelings
hill,noun,nature,1.000,nature
him,pronoun,general,1.000,general
himself,pronoun,general,1.000,general
hinder,verb,general,0.990,general
hindrance,noun,general,0.960,general
hindsight,noun,feelings,0.630,feelings
hint,noun,communication,0.960,communication
hip,noun,body,1.000,body
hip hop/hip-hop/hiphop,noun,entertainment,0.980,entertainment
hire,verb,work,1.000,work
his,determiner,general,1.000,general
his,pronoun,general,1.000,general
historian,noun,arts,0.540,arts
historic,adjective,arts,0.540,arts
historical,adjective,arts,0.770,arts
history,noun,arts,0.930,arts
histrionic,adjective,feelings,0.650,feelings
histrionically,adverb,general,0.400,arts
hit,noun,entertainment,0.770,entertainment
hit,verb,body,0.620,body
hitch,verb,general,0.470,travel
hitherto,adverb,general,1.000,general
hobby,noun,entertainment,1.000,entertainment
hockey,noun,sports,1.000,sports
hoist,verb,general,0.340,work
hold,noun,general,0.580,general
hold,verb,general,0.740,general
holder,noun,general,0.400,general
hole,noun,general,0.490,general
holiday,noun,travel,0.970,travel
hollow,adjective,general,0.900,general
holocaust,noun,society,0.800,society
holy,adjective,arts,0.840,arts
home,adverb,general,0.770,general
home,noun,home,1.000,home
homeless,adjective,society,0.880,society
homely,adjective,body,0.930,body
homestead,noun,home,0.860,home
hometown,noun,city,0.960,city
homeward,adjective,travel,0.850,travel
homework,noun,education,1.000,education
hone,noun,general,0.380,general
honest,adjective,feelings,0.890,feelings
honestly,adverb,general,0.780,general
honesty,noun,feelings,0.990,feelings
honey,noun,food,1.000,food
honeymoon,noun,family,0.950,family
honk,noun,travel,0.850,travel
honk,verb,travel,0.920,travel
honor/honour,noun,feelings,0.620,feelings
honor/honour,verb,general,0.280,society
honorable/honourable,adjective,feelings,0.650,feelings
hood,noun,shopping,0.870,shopping
hook,noun,general,0.340,general
hook,verb,general,0.500,general
hop,noun,body,0.710,body
hope,noun,feelings,1.000,feelings
hope,verb,feelings,0.970,feelings
hopeful,adjective,feelings,1.000,feelings
hopefully,adverb,general,0.970,general
hopeless,adjective,feelings,0.990,feelings
horizon,noun,nature,0.970,nature
horn,noun,animals,0.700,animals
horrible,adjective,general,0.760,general
horrify,verb,feelings,1.000,feelings
horror,noun,feelings,0.990,feelings
horse,noun,animals,1.000,animals
hospice,noun,health,1.000,health
hospitable,adjective,feelings,0.960,feelings
hospital,noun,health,0.990,health
hospitality,noun,travel,0.610,travel
hospitalize/hospitalise,verb,health,1.000,health
host,noun,general,0.300,entertainment
hostel,noun,travel,1.000,travel
hostess,noun,work,0.700,work
hostile,adjective,feelings,0.960,feelings
hostility,noun,feelings,0.960,feelings
hot,adjective,general,0.660,general
hotel,noun,travel,1.000,travel
hotelier,noun,travel,0.510,travel
hour,noun,general,1.000,general
hourly,adjective,general,0.820,general
house,noun,home,1.000,home
house,verb,home,0.570,home
household,noun,home,0.920,home
housekeeper,noun,work,0.620,work
housemaster,noun,education,1.000,education
housewife,noun,general,0.350,work
housework,noun,home,1.000,home
hover,verb,general,0.460,general
how,adverb,general,1.000,general
however,adverb,general,0.990,general
huddle,noun,sports,0.830,sports
huddle,verb,sports,0.660,sports
hug,noun,body,0.590,body
hug,verb,body,0.790,body
huge,adjective,general,1.000,general
hugely,adverb,general,1.000,general
hull,noun,travel,0.960,travel
human,adjective,general,0.870,general
human,noun,general,0.390,society
human rights,noun,society,1.000,society
humane,adjective,feelings,0.980,feelings
humanist,noun,arts,0.920,arts
humanity,noun,society,0.670,society
humanize/humanise,verb,general,0.400,feelings
humble,adjective,feelings,0.970,feelings
humble,verb,general,0.470,feelings
humbug,noun,communication,0.620,communication
humid,adjective,nature,1.000,nature
humiliate,verb,feelings,0.970,feelings
humiliating,adjective,feelings,0.970,feelings
humiliation,noun,feelings,1.000,feelings
humor/humour,noun,feelings,0.730,feelings
humorous,adjective,feelings,0.870,feelings
hundred,number,general,1.000,general
hunger,noun,food,0.880,food
hungry,adjective,food,0.730,food
hunt,noun,general,0.460,animals
hunt,verb,general,0.490,animals
hunter,noun,work,0.640,work
hunting,noun,general,0.430,sports
hurriedly,adverb,general,1.000,general
hurry,noun,general,0.830,general
hurry,verb,general,0.930,general
hurt,adjective,feelings,0.570,feelings
hurt,verb,health,0.710,health
husband,noun,family,1.000,family
hush,verb,communication,0.770,communication
hut,noun,home,0.950,home
hybrid,adjective,general,0.820,general
hygiene,noun,health,1.000,health
hyperbole,noun,communication,0.970,communication
hyphen,noun,communication,0.990,communication
hypnotherapy,noun,health,1.000,health
hypocrisy,noun,feelings,0.960,feelings
hypocrite,noun,feelings,0.980,feelings
hypocritical,adjective,feelings,0.990,feelings
hypocritically,adverb,feelings,0.680,feelings
hypothesis,noun,science,0.980,science
hypothesize,verb,science,0.940,science
hypothetical,adjective,general,0.950,general
hysteria,noun,health,0.630,health
hysterical,adjective,feelings,0.990,feelings
hysterically,adverb,feelings,0.810,feelings
ice,noun,nature,0.820,nature
ice cream,noun,food,1.000,food
ice hockey,noun,sports,1.000,sports
ice skating,noun,sports,0.990,sports
iceman,noun,work,0.730,work
icon,noun,general,0.480,arts
icy,adjective,nature,0.920,nature
idea,noun,general,0.620,general
ideal,adjective,general,0.990,general
ideally,adverb,general,1.000,general
identical,adjective,general,1.000,general
identification,noun,general,0.460,society
identify,verb,general,0.920,general
identity,noun,feelings,0.730,feelings
identity card,noun,society,0.880,society
ideology,noun,society,0.990,society
idiom,noun,communication,1.000,communication
idiomatic,adjective,communication,0.990,communication
idiomatically,adverb,communication,0.870,communication
idiosyncrasy,noun,feelings,0.970,feelings
idiosyncratic,adjective,general,0.500,general
idiot,noun,feelings,0.940,feelings
idle,adjective,general,0.510,general
idle,verb,general,0.560,general
idol,noun,entertainment,0.750,entertainment
idolize/idolise,verb,feelings,0.760,feelings
if,conjunction,general,1.000,general
ignominious,adjective,feelings,0.550,feelings
ignominiously,adverb,general,0.680,general
ignorance,noun,feelings,0.600,feelings
ignorant,adjective,feelings,0.630,feelings
ignore,verb,general,0.830,general
ill,adjective,health,1.000,health
illegal,adjective,society,0.990,society
illegally,adverb,society,0.930,society
illness,noun,health,1.000,health
illuminate,verb,general,0.800,general
illustrate,verb,communication,0.820,communication
illustration,noun,arts,0.640,arts
image,noun,arts,0.650,arts
imagery,noun,arts,0.920,arts
imaginary,adjective,general,0.960,general
imagination,noun,general,0.480,arts
imagine,verb,general,0.800,general
imitate,verb,general,0.590,general
imitation,noun,general,0.400,arts
immediate,adjective,general,1.000,general
immediately,adverb,general,1.000,general
immense,adjective,general,1.000,general
immensely,adverb,general,1.000,general
immerse,verb,general,0.620,general
immigrant,noun,society,0.980,society
immigrate,verb,society,0.800,society
immigration,noun,society,0.980,society
immoral,adjective,general,0.480,feelings
immortal,adjective,general,0.530,general
immortality,noun,arts,0.890,arts
immortalize,verb,arts,0.880,arts
imp,noun,arts,0.760,arts
impact,noun,general,0.760,general
impair,verb,general,0.530,general
impartial,adjective,feelings,0.760,feelings
impatient,adjective,feelings,1.000,feelings
impatiently,adverb,feelings,0.600,feelings
impeccable,adjective,general,0.840,general
impeccably,adverb,general,0.980,general
impede,verb,general,0.990,general
impediment,noun,general,0.790,general
imperative,adjective,general,0.880,general
imperative,noun,communication,0.660,communication
imperceptible,adjective,general,0.930,general
imperceptibly,adverb,general,0.990,general
impermanent,adjective,general,0.980,general
impersonal,adjective,general,0.580,general
impersonally,adverb,general,0.810,general
impersonate,verb,general,0.390,communication
impersonation,noun,society,0.580,society
impersonator,noun,entertainment,0.600,entertainment
impervious,adjective,general,0.870,general
impish,adjective,feelings,0.980,feelings
impishly,adverb,general,0.480,general
implement,noun,work,0.610,work
implement,verb,work,0.620,work
implicate,verb,society,0.950,society
implication,noun,communication,0.920,communication
imply,verb,communication,0.990,communication
impolite,adjective,feelings,0.660,feelings
impolitely,adverb,general,0.400,general
import,verb,business,0.970,business
importance,noun,general,0.910,general
important,adjective,general,1.000,general
importantly,adverb,general,0.990,general
impose,verb,society,0.750,society
imposition,noun,society,0.920,society
impossibility,noun,general,0.940,general
impossible,adjective,general,1.000,general
impoverished,adjective,society,0.660,society
impractical,adjective,general,0.960,general
impresario,noun,general,0.350,entertainment
impress,verb,general,0.360,communication
impressed,adjective,feelings,0.990,feelings
impression,noun,feelings,0.730,feelings
impressionism,noun,arts,1.000,arts
impressionist,noun,arts,1.000,arts
impressionistic,adjective,arts,1.000,arts
impressionistically,adverb,arts,0.960,arts
impressive,adjective,general,0.950,general
imprison,verb,society,1.000,society
imprisonment,noun,society,1.000,society
improbable,adjective,general,1.000,general
improper,adjective,general,0.960,general
improperly,adverb,general,1.000,general
improve,verb,general,0.990,general
improved,adjective,general,1.000,general
improvement,noun,general,0.930,general
improvisational,adjective,arts,0.780,arts
impulse,noun,feelings,0.950,feelings
impulsive,adjective,feelings,1.000,feelings
in,adverb,general,1.000,general
in,preposition,general,1.000,general
inaccurate,adjective,general,0.890,general
inadequate,adjective,general,1.000,general
inanimate,adjective,general,0.880,general
inartistic,adjective,arts,0.940,arts
inborn,adjective,general,0.670,general
incense,noun,arts,0.530,arts
incentive,noun,business,0.540,business
inch,noun,general,1.000,general
inch,verb,general,0.870,general
inchoate,adjective,general,0.950,general
inchoately,adverb,general,0.850,general
incident,noun,general,0.500,general
incipient,adjective,general,0.990,general
incise,verb,health,0.790,health
incision,noun,health,0.980,health
incisor,noun,body,1.000,body
include,verb,general,0.990,general
including,preposition,general,1.000,general
inclusion,noun,society,0.970,society
inclusive,adjective,general,0.480,general
inclusively,adverb,general,0.730,general
income,noun,business,1.000,business
incongruity,noun,general,0.600,general
incongruous,adjective,general,0.990,general
incongruously,adverb,general,0.980,general
inconvenient,adjective,general,1.000,general
incorrect,adjective,general,0.950,general
increase,noun,general,0.950,general
increase,verb,general,0.990,general
increasingly,adverb,general,1.000,general
incredible,adjective,general,0.970,general
incredibly,adverb,general,1.000,general
incumbent,adjective,society,0.920,society
incumbent,noun,society,0.980,society
incur,verb,business,0.890,business
incurable,adjective,health,1.000,health
indebted,adjective,business,0.580,business
indeed,adverb,general,0.990,general
indefinite,adjective,general,0.980,general
indefinite article,noun,general,0.470,communication
indefinitely,adverb,general,1.000,general
indent,verb,communication,0.800,communication
independence,noun,general,0.490,society
independent,adjective,general,0.700,general
independently,adverb,general,1.000,general
indescribable,adjective,general,0.710,general
index,noun,education,0.670,education
indicate,verb,communication,0.620,communication
indifferent,adjective,feelings,0.990,feelings
indignant,adjective,feelings,1.000,feelings
indignantly,adverb,feelings,0.900,feelings
indignity,noun,feelings,0.920,feelings
indirect,adjective,general,0.820,general
indirectly,adverb,general,0.970,general
indiscrete,adjective,feelings,0.820,feelings
indiscretion,noun,feelings,0.690,feelings
indispensable,adjective,general,0.990,general
individual,adjective,general,0.950,general
individual,noun,society,0.600,society
individualism,noun,society,0.810,society
individuality,noun,feelings,0.920,feelings
indolence,noun,feelings,1.000,feelings
indolent,adjective,feelings,0.990,feelings
indolently,adverb,general,0.520,general
indoor,adjective,general,0.490,home
indoors,adverb,general,0.790,general
induce,verb,general,0.850,general
inducement,noun,general,0.340,society
induct,verb,work,0.700,work
induction,noun,science,0.740,science
indulge,verb,feelings,0.510,feelings
indulgence,noun,feelings,0.890,feelings
indulgent,adjective,feelings,0.990,feelings
indulgently,adverb,feelings,0.710,feelings
industrial,adjective,business,0.770,business
industrialize/industrialise,verb,business,0.700,business
industry,noun,business,0.990,business
ineffective,adjective,general,0.990,general
inert,adjective,general,0.610,general
inevitable,adjective,general,1.000,general
inexcusable,adjective,general,0.740,general
inexcusably,adverb,general,0.960,general
inexhaustible,adjective,general,0.960,general
inexorability,noun,feelings,0.540,feelings
inexorable,adjective,general,0.680,general
inexorably,adverb,general,0.990,general
inexpensive,adjective,general,0.370,business
inexperienced,adjective,general,0.580,general
inexplicable,adjective,general,0.990,general
inexplicably,adverb,general,0.990,general
infallibility,noun,feelings,0.700,feelings
infallible,adjective,general,0.580,general
infallibly,adverb,general,0.990,general
infant,noun,family,1.000,family
infect,verb,health,1.000,health
infected,adjective,health,1.000,health
infection,noun,health,1.000,health
infectious,adjective,health,0.970,health
infer,verb,general,0.430,communication
inference,noun,education,0.560,education
infernal,adjective,general,0.550,general
infernally,adverb,general,0.910,general
infinitive,noun,communication,0.970,communication
inflammation,noun,health,0.990,health
inflammatory,adjective,health,0.630,health
inflate,verb,general,0.490,business
inflation,noun,business,1.000,business
influence,noun,society,0.670,society
influence,verb,general,0.440,society
influential,adjective,general,0.640,general
influenza,noun,health,1.000,health
inform,verb,communication,1.000,communication
informal,adjective,general,0.610,general
informant,noun,society,0.840,society
information,noun,communication,0.620,communication
informative,adjective,general,0.670,general
infringe,verb,society,0.990,society
infringement,noun,society,0.990,society
ingenious,adjective,feelings,0.630,feelings
ingenuity,noun,feelings,0.930,feelings
ingenuous,adjective,feelings,0.980,feelings
ingenuously,adverb,general,0.470,feelings
ingrate,noun,feelings,0.990,feelings
ingratiate,verb,general,0.480,feelings
ingratiating,adjective,feelings,0.980,feelings
ingratiatingly,adverb,feelings,0.590,feelings
ingredient,noun,food,1.000,food
inhabit,verb,city,0.510,city
inhabitant,noun,city,0.930,city
inhale,verb,body,0.930,body
inherent,adjective,general,0.990,general
inherently,adverb,general,1.000,general
inherit,verb,general,0.490,family
inheritance,noun,business,0.740,business
initial,adjective,general,1.000,general
initial,noun,general,0.480,communication
initially,adverb,general,1.000,general
initiative,noun,general,0.250,feelings
inject,verb,health,0.960,health
injection,noun,health,1.000,health
injure,verb,health,0.990,health
injured,adjective,health,1.000,health
injury,noun,health,1.000,health
injustice,noun,society,1.000,society
ink,noun,communication,0.780,communication
innate,adjective,general,0.770,general
inner,adjective,general,0.990,general
innermost,adjective,general,0.900,general
innocent,adjective,feelings,0.650,feelings
innocently,adverb,general,0.700,general
innovate,verb,general,0.330,general
innovation,noun,general,0.440,technology
innovative,adjective,general,0.810,general
innovator,noun,work,0.570,work
innuendo,noun,communication,1.000,communication
input,noun,technology,0.700,technology
inquire/enquire,verb,communication,0.890,communication
inquiry/enquiry,noun,communication,0.870,communication
insane,adjective,health,0.590,health
inscribe,verb,communication,0.840,communication
inscription,noun,arts,0.660,arts
inscrutable,adjective,feelings,0.780,feelings
insect,noun,animals,1.000,animals
insecure,adjective,feelings,1.000,feelings
insecurely,adverb,feelings,0.910,feelings
insensitive,adjective,feelings,1.000,feelings
insensitively,adverb,feelings,0.930,feelings
inseparable,adjective,general,0.460,family
inside,adjective,general,0.980,general
inside,adverb,general,1.000,general
inside,noun,general,0.860,general
inside,preposition,general,1.000,general
insight,noun,feelings,0.680,feelings
insightful,adjective,feelings,0.610,feelings
insightfully,adverb,general,0.470,general
insist,verb,communication,0.700,communication
inspect,verb,general,0.560,general
inspection,noun,work,0.670,work
inspector,noun,work,0.680,work
inspiration,noun,arts,0.510,arts
inspirational,adjective,feelings,0.750,feelings
inspire,verb,feelings,0.780,feelings
install/instal,verb,technology,0.970,technology
instance,noun,general,0.890,general
instant,adjective,general,1.000,general
instantaneous,adjective,general,1.000,general
instantaneously,adverb,general,1.000,general
instantly,adverb,general,1.000,general
instead,adverb,general,1.000,general
instead of,preposition,general,1.000,general
instill/instil,verb,education,0.610,education
instinct,noun,feelings,0.950,feelings
instinctive,adjective,feelings,0.750,feelings
instinctively,adverb,general,0.860,general
institute,noun,education,0.950,education
institute,verb,general,0.340,society
institution,noun,society,0.940,society
instruct,verb,education,0.970,education
instruction,noun,education,0.530,education
instructor,noun,education,0.980,education
instrument,noun,general,0.450,entertainment
insubordinate,adjective,feelings,0.650,feelings
insubordinately,adverb,general,0.360,feelings
insubordination,noun,general,0.470,society
insufficient,adjective,general,1.000,general
insular,adjective,feelings,0.780,feelings
insult,noun,communication,0.630,communication
insult,verb,communication,0.720,communication
insurance,noun,business,1.000,business
integral,adjective,general,0.960,general
integrate,verb,general,0.790,general
integration,noun,society,0.500,society
intellect,noun,feelings,0.730,feelings
intellectual,adjective,general,0.370,feelings
intellectual,noun,general,0.450,education
intelligence,noun,feelings,0.750,feelings
intelligent,adjective,feelings,0.750,feelings
intend,verb,general,0.820,general
intense,adjective,general,0.860,general
intensive,adjective,general,0.900,general
intent,adjective,general,0.450,general
intention,noun,feelings,0.930,feelings
intentionally,adverb,general,0.990,general
interact,verb,communication,0.820,communication
interaction,noun,communication,0.960,communication
interactive,adjective,technology,0.510,technology
interest,noun,feelings,0.580,feelings
interest,verb,feelings,0.670,feelings
interested,adjective,feelings,0.900,feelings
interesting,adjective,general,0.950,general
interfere,verb,general,0.970,general
interior,noun,home,0.640,home
interject,verb,communication,1.000,communication
interjection,noun,communication,0.990,communication
interlocking,adjective,general,0.920,general
interlude,noun,arts,0.680,arts
intermediary,noun,general,0.370,business
intermediate,adjective,general,0.820,general
intermission,noun,general,0.460,arts
internal,adjective,general,0.980,general
international,adjective,general,0.750,general
internationally,adverb,general,0.920,general
interpersonal,adjective,communication,0.540,communication
interpret,verb,communication,0.950,communication
interpretation,noun,communication,0.860,communication
interpreter,noun,work,0.520,work
interrogate,verb,society,0.650,society
interrogation,noun,society,0.900,society
interrogative,adjective,communication,0.980,communication
interrogatively,adverb,communication,0.750,communication
interrupt,verb,communication,0.910,communication
interruption,noun,communication,0.850,communication
intersection,noun,general,0.490,city
intersperse,verb,general,0.870,general
interval,noun,general,0.990,general
interview,noun,work,0.660,work
interview,verb,work,0.680,work
interviewee,noun,work,0.840,work
interviewer,noun,work,0.910,work
interweave,verb,general,0.660,general
intimate,adjective,family,0.670,family
into,preposition,general,1.000,general
intransitive,adjective,communication,0.980,communication
intravenous,adjective,health,1.000,health
intrinsic,adjective,general,0.980,general
intrinsically,adverb,general,1.000,general
introduce,verb,communication,0.720,communication
introduction,noun,communication,0.720,communication
intrude,verb,general,0.820,general
intruder,noun,society,0.710,society
intrusion,noun,general,0.490,society
intuit,verb,feelings,0.610,feelings
intuition,noun,feelings,0.990,feelings
intuitive,adjective,feelings,0.630,feelings
intuitively,adverb,general,0.930,general
invade,verb,society,0.940,society
invariable,adjective,general,0.990,general
invariably,adverb,general,1.000,general
invasion,noun,society,0.990,society
invent,verb,general,0.620,general
invention,noun,technology,0.830,technology
inventor,noun,work,0.620,work
inverted commas,noun,communication,1.000,communication
invest,verb,business,1.000,business
investigate,verb,general,0.430,general
investigation,noun,society,0.840,society
investigator,noun,work,0.580,work
investment,noun,business,1.000,business
investor,noun,business,1.000,business
invisible,adjective,general,0.900,general
invitation,noun,communication,0.840,communication
invite,verb,communication,0.710,communication
invitingly,adverb,general,0.970,general
invoice,noun,business,1.000,business
invoke,verb,communication,0.570,communication
involuntarily,adverb,general,0.910,general
involve,verb,general,0.980,general
involved,adjective,general,0.940,general
involvement,noun,general,0.510,general
irate,adjective,feelings,1.000,feelings
irately,adverb,feelings,0.880,feelings
iron,noun,home,0.510,home
iron,verb,home,0.980,home
ironic,adjective,general,0.440,general
ironically,adverb,general,0.890,general
ironing,noun,home,1.000,home
irony,noun,communication,0.780,communication
irrational,adjective,general,0.530,general
irregular,adjective,general,0.970,general
irrelevancy,noun,general,0.580,general
irresistible,adjective,general,0.660,general
irresistibly,adverb,general,0.950,general
irresponsible,adjective,feelings,0.880,feelings
irrevocable,adjective,general,0.790,general
irrevocably,adverb,general,0.970,general
irritate,verb,feelings,0.950,feelings
irritated,adjective,feelings,1.000,feelings
irritating,adjective,feelings,0.540,feelings
irritation,noun,feelings,1.000,feelings
is,be-verb,general,0.990,general
island,noun,nature,0.910,nature
islander,noun,city,0.700,city
isle,noun,nature,0.780,nature
isolate,verb,general,0.600,general
isolated,adjective,general,0.760,general
isolation,noun,feelings,0.580,feelings
issue,noun,society,0.720,society
issue,verb,communication,0.600,communication
it,pronoun,general,1.000,general
italicize/italicise,verb,communication,0.980,communication
itch,verb,body,0.890,body
item,noun,general,0.750,general
itinerary,noun,travel,1.000,travel
its,determiner,general,1.000,general
its,pronoun,general,1.000,general
itself,pronoun,general,1.000,general
ivory,noun,nature,0.740,nature
jacket,noun,shopping,1.000,shopping
jade,noun,nature,0.610,nature
jail/gaol,noun,society,0.990,society
jam,noun,food,1.000,food
jam,verb,general,0.490,general
jar,noun,home,0.810,home
jargon,noun,communication,0.990,communication
jarring,adjective,general,0.870,general
jaw,noun,body,1.000,body
jazz,noun,entertainment,0.930,entertainment
jealous,adjective,feelings,1.000,feelings
jealously,adverb,feelings,0.990,feelings
jeans,noun,shopping,1.000,shopping
jelly,noun,food,1.000,food
jeopardize/jeopardise,verb,general,0.940,general
jersey,adjective,city,0.530,city
jersey,noun,shopping,0.870,shopping
jet,noun,travel,1.000,travel
jewel,noun,shopping,0.970,shopping
jeweler/jeweller,noun,work,0.820,work
jewelry/jewellery,noun,shopping,0.990,shopping
job,noun,work,1.000,work
jog,noun,sports,0.930,sports
jog,verb,sports,0.930,sports
jogging,noun,sports,0.980,sports
join,verb,general,0.950,general
joint,adjective,general,0.570,general
joint,noun,body,0.990,body
joke,noun,entertainment,0.760,entertainment
joke,verb,communication,0.630,communication
journal,noun,communication,0.800,communication
journalism,noun,communication,0.640,communication
journalist,noun,work,0.880,work
journey,noun,travel,1.000,travel
joy,noun,feelings,1.000,feelings
judge,noun,society,0.930,society
judge,verb,general,0.490,society
judgment/judgement,noun,society,0.510,society
judo,noun,sports,1.000,sports
jug,noun,home,0.630,home
juice,noun,food,1.000,food
juicy,adjective,food,0.990,food
jump,noun,body,0.680,body
jump,verb,body,0.920,body
jumper,noun,shopping,1.000,shopping
jungle,noun,nature,0.970,nature
junior,adjective,general,0.610,general
junk,noun,home,0.650,home
junk food,noun,food,0.990,food
jurisdiction,noun,society,1.000,society
juror,noun,society,1.000,society
jury,noun,society,1.000,society
just,adverb,general,1.000,general
justice,noun,society,1.000,society
justify,verb,general,0.550,general
justly,adverb,general,0.560,general
juvenile,adjective,family,0.530,family
juvenile,noun,general,0.490,society
kangaroo,noun,animals,1.000,animals
karaoke,noun,entertainment,1.000,entertainment
keen,adjective,feelings,0.790,feelings
keep,verb,general,1.000,general
keeper,noun,general,0.480,sports
kerosene,noun,general,0.370,science
kettle,noun,food,0.680,food
key,adjective,general,0.980,general
key,noun,home,0.870,home
keyboard,noun,technology,1.000,technology
keystroke,noun,technology,1.000,technology
kick,noun,body,0.570,body
kick,verb,body,0.810,body
kid,noun,family,0.990,family
kid,verb,communication,0.880,communication
kill,verb,general,0.380,society
killer,noun,society,0.990,society
killing,noun,society,0.940,society
kilo,noun,general,1.000,general
kilogram/kilogramme,noun,general,0.980,general
kilometer/kilometre,noun,general,0.900,general
kind,adjective,feelings,0.920,feelings
kind,noun,general,0.840,general
kindly,adjective,feelings,0.850,feelings
kindly,adverb,general,0.840,general
kindness,noun,feelings,1.000,feelings
kinetic,adjective,science,0.970,science
kinetically,adverb,science,0.860,science
king,noun,society,0.920,society
kingdom,noun,society,0.810,society
kiss,noun,body,0.510,body
kiss,verb,body,0.620,body
kit,noun,general,0.460,general
kitchen,noun,home,0.970,home
kite,noun,entertainment,0.810,entertainment
kitten,noun,animals,1.000,animals
knack,noun,general,0.750,general
knee,noun,body,1.000,body
kneel,verb,body,0.980,body
knife,noun,food,0.920,food
knit,verb,general,0.420,entertainment
knock,noun,general,0.470,home
knock,verb,general,0.430,body
knot,noun,general,0.670,general
know,verb,general,0.990,general
knowingly,adverb,general,0.940,general
knowledge,noun,education,0.750,education
knowledgeable,adjective,general,0.510,general
known,adjective,general,0.980,general
lab,noun,science,0.910,science
label,noun,general,0.430,shopping
labor/labour,noun,work,1.000,work
laboratory,noun,science,0.940,science
laborer/labourer,noun,work,1.000,work
lack,noun,general,0.990,general
lack,verb,general,1.000,general
lackluster/lacklustre,adjective,general,0.900,general
ladder,noun,home,0.930,home
lady,noun,family,0.680,family
lake,noun,nature,1.000,nature
lamb,noun,animals,0.990,animals
lame,adjective,health,0.650,health
lament,verb,feelings,0.940,feelings
lamentation,noun,feelings,0.900,feelings
lamp,noun,home,1.000,home
lance,noun,general,0.430,society
land,noun,nature,0.840,nature
land,verb,travel,0.940,travel
landing,noun,travel,0.990,travel
landlady,noun,home,0.830,home
landlord,noun,home,0.820,home
landscape,noun,nature,1.000,nature
landscape,verb,general,0.470,nature
landslide,noun,nature,0.900,nature
lane,noun,travel,0.500,travel
language,noun,communication,1.000,communication
lap,noun,body,0.960,body
lapse,noun,general,0.850,general
lapse,verb,general,0.960,general
laptop,noun,technology,1.000,technology
large,adjective,general,1.000,general
largely,adverb,general,1.000,general
lark,noun,animals,0.990,animals
laryngitis,noun,health,1.000,health
laser,noun,technology,0.820,technology
lassitude,noun,feelings,0.920,feelings
last,adverb,general,1.000,general
last,determiner,general,1.000,general
last,pronoun,general,1.000,general
last,verb,general,1.000,general
last minute,noun,general,0.980,general
last name,noun,family,0.720,family
last-minute,adjective,general,0.990,general
lasting,adjective,general,1.000,general
lastly,adverb,general,0.950,general
late,adjective,general,1.000,general
late,adverb,general,1.000,general
latecomer,noun,general,0.730,general
lately,adverb,general,1.000,general
latent,adjective,general,0.970,general
later,adjective,general,1.000,general
later,adverb,general,1.000,general
latest,adjective,general,1.000,general
latter,adjective,general,0.970,general
latter,adverb,general,0.990,general
latter,pronoun,general,0.990,general
laud,verb,communication,0.840,communication
laudatory,adjective,communication,0.520,communication
laugh,noun,feelings,0.660,feelings
laugh,verb,feelings,0.510,feelings
laughter,noun,feelings,0.750,feelings
launch,noun,general,0.470,business
launch,verb,general,0.430,business
laundry,noun,home,1.000,home
lava,noun,nature,0.980,nature
lavatory,noun,general,0.490,travel
law,noun,society,1.000,society
lawful,adjective,society,0.990,society
lawmaker,noun,society,1.000,society
lawn,noun,general,0.450,nature
lawsuit,noun,society,1.000,society
lawyer,noun,society,0.540,society
lay,verb,general,0.600,general
layabout,noun,general,0.420,work
layer,noun,general,0.660,general
laziness,noun,feelings,1.000,feelings
lazy,adjective,feelings,0.900,feelings
lead,adjective,general,0.750,general
lead,noun,general,0.370,science
lead,verb,general,0.860,general
leader,noun,society,0.750,society
leadership,noun,general,0.490,work
leading,adjective,general,0.950,general
leaf,noun,animals,0.640,animals
leaflet,noun,communication,0.790,communication
league,noun,sports,0.940,sports
leak,noun,general,0.230,general
leak,verb,general,0.640,general
lean,adjective,body,0.900,body
lean,verb,body,0.730,body
leap,noun,body,0.850,body
leap,verb,body,0.940,body
learn,verb,education,0.910,education
learner,noun,education,1.000,education
learning,noun,education,1.000,education
lease,noun,business,0.650,business
leash,noun,animals,1.000,animals
least,adverb,general,1.000,general
least,determiner,general,1.000,general
least,pronoun,general,1.000,general
leather,noun,shopping,0.700,shopping
leave,noun,work,0.590,work
leave,verb,general,0.900,general
leaven,verb,food,0.930,food
leavening,noun,food,0.990,food
lecture,noun,education,1.000,education
lecturer,noun,education,0.990,education
leek,noun,food,0.990,food
left,adjective,general,0.780,general
left,adverb,general,0.890,general
left,noun,general,0.450,general
left-hand,adjective,general,0.480,body
leg,noun,body,1.000,body
legacy,noun,arts,0.820,arts
legal,adjective,society,0.990,society
legally,adverb,society,0.830,society
legend,noun,arts,0.980,arts
legendary,adjective,general,0.740,general
legion,noun,society,0.930,society
legislate,verb,society,1.000,society
legislation,noun,society,1.000,society
legislative,adjective,society,1.000,society
legislator,noun,society,1.000,society
legislature,noun,society,1.000,society
legitimate,adjective,general,0.490,general
leisure,noun,entertainment,0.720,entertainment
leisurely,adverb,general,0.980,general
lemon,noun,food,1.000,food
lemonade,noun,food,1.000,food
lend,verb,business,0.810,business
length,noun,general,1.000,general
lengthen,verb,general,0.970,general
lengthy,adjective,general,0.970,general
leopard,noun,animals,1.000,animals
less,adverb,general,1.000,general
less,determiner,general,1.000,general
less,pronoun,general,1.000,general
lessen,verb,general,0.990,general
lesson,noun,education,1.000,education
lest,conjunction,general,1.000,general
let,verb,general,1.000,general
lethargic,adjective,feelings,0.860,feelings
lethargically,adverb,general,0.520,general
lethargy,noun,feelings,0.590,feelings
letter,noun,communication,1.000,communication
lettuce,noun,food,1.000,food
level,adjective,general,0.970,general
level,noun,general,0.770,general
level,verb,general,0.910,general
liaise,verb,communication,0.600,communication
liaison,noun,communication,0.570,communication
liar,noun,feelings,0.590,feelings
liberal,adjective,society,0.800,society
liberate,verb,society,0.960,society
liberation,noun,society,1.000,society
liberty,noun,society,1.000,society
librarian,noun,work,0.870,work
library,noun,education,0.550,education
license/licence,verb,society,0.900,society
lick,verb,body,0.910,body
lid,noun,home,0.860,home
lie,noun,communication,0.920,communication
lie,verb,communication,0.670,communication
life,noun,general,0.760,general
lifeguard,noun,work,0.910,work
lifeless,adjective,general,0.720,general
lifelong,adjective,general,0.940,general
lifestyle,noun,general,0.400,health
lifetime,noun,general,0.950,general
lift,noun,travel,0.900,travel
lift,verb,general,0.450,body
light,adjective,general,0.950,general
light,noun,general,0.320,science
light,verb,general,0.720,general
lighten,verb,general,0.550,general
lighter,noun,home,0.840,home
lighting,noun,home,0.520,home
lightly,adverb,general,1.000,general
lightning,noun,nature,1.000,nature
like,conjunction,general,0.990,general
like,preposition,general,1.000,general
like,verb,feelings,0.690,feelings
likelihood,noun,general,0.900,general
likely,adjective,general,1.000,general
likeness,noun,body,0.700,body
likewise,adverb,general,0.940,general
lily,noun,animals,0.980,animals
limb,noun,body,0.990,body
limit,noun,general,0.980,general
limit,verb,general,0.990,general
limitation,noun,general,0.970,general
limited,adjective,general,1.000,general
limitless,adjective,general,0.990,general
limp,verb,body,0.960,body
line,noun,general,0.910,general
line,verb,general,0.530,general
linear,adjective,general,0.760,general
linearly,adverb,general,0.820,general
linen,noun,home,0.740,home
liner,noun,travel,0.970,travel
ling,noun,animals,0.760,animals
linger,verb,general,0.900,general
link,noun,general,0.690,general
link,verb,general,0.870,general
lion,noun,animals,1.000,animals
lip,noun,body,1.000,body
liquid,adjective,general,0.410,general
liquid,noun,science,0.760,science
list,noun,general,0.720,general
list,verb,general,0.680,general
listen,verb,communication,0.900,communication
listener,noun,communication,0.990,communication
liter/litre,noun,general,0.990,general
literal,adjective,communication,0.710,communication
literally,adverb,general,0.890,general
literary,adjective,arts,0.990,arts
literature,noun,arts,0.990,arts
litter,noun,general,0.450,nature
little,adjective,general,1.000,general
little,adverb,general,1.000,general
little,determiner,general,1.000,general
little,pronoun,general,1.000,general
live,adjective,general,0.700,general
live,verb,general,0.960,general
lively,adjective,general,0.500,general
liver,noun,body,0.960,body
living,adjective,general,0.900,general
living,noun,general,0.280,general
living room,noun,home,1.000,home
load,noun,general,0.690,general
load,verb,general,0.730,general
loaf,noun,food,1.000,food
loan,noun,business,1.000,business
lobby,noun,city,0.640,city
local,adjective,city,0.660,city
locate,verb,general,0.840,general
location,noun,city,0.790,city
lock,noun,home,0.970,home
lock,verb,home,0.620,home
locomotion,noun,general,0.440,body
locomotive,noun,travel,0.970,travel
lodge,noun,travel,0.900,travel
lodge,verb,general,0.420,communication
log,noun,nature,0.770,nature
logic,noun,education,0.540,education
logical,adjective,general,0.920,general
logo,noun,business,0.980,business
loiter,verb,general,0.330,society
loneliness,noun,feelings,1.000,feelings
lonely,adjective,feelings,1.000,feelings
long,adjective,general,1.000,general
long,adverb,general,1.000,general
long-distance,adjective,communication,0.520,communication
long-term,adjective,general,0.990,general
look,noun,body,0.990,body
look,verb,body,0.590,body
loom,verb,general,0.500,general
loose,adjective,general,0.970,general
loosely,adverb,general,1.000,general
lorry,noun,travel,1.000,travel
lose,verb,general,0.930,general
loss,noun,feelings,0.600,feelings
lost,adjective,general,0.460,travel
lot,adverb,general,1.000,general
lot,noun,general,0.960,general
lot,pronoun,general,1.000,general
lottery,noun,business,0.760,business
loud,adjective,general,0.900,general
loud,adverb,general,0.970,general
loudly,adverb,general,0.900,general
loudspeaker,noun,technology,0.930,technology
lousy,adjective,general,0.870,general
love,noun,feelings,0.980,feelings
love,verb,feelings,0.980,feelings
lovely,adjective,general,0.910,general
lover,noun,family,0.940,family
lovingly,adverb,feelings,0.710,feelings
low,adjective,general,1.000,general
low,adverb,general,0.990,general
lower,verb,general,0.930,general
lowland,noun,nature,0.980,nature
loyal,adjective,feelings,0.980,feelings
loyalty,noun,feelings,0.990,feelings
luck,noun,general,0.710,general
luckily,adverb,general,1.000,general
lucky,adjective,feelings,0.550,feelings
lucrative,adjective,business,0.990,business
ludicrous,adjective,general,0.860,general
ludicrously,adverb,general,0.970,general
luggage,noun,travel,1.000,travel
lunch,noun,food,1.000,food
lunchtime,noun,general,0.530,general
lung,noun,body,1.000,body
lurid,adjective,general,0.300,general
luridly,adverb,general,0.380,general
lush,adjective,nature,0.820,nature
lust,noun,feelings,0.990,feelings
luxurious,adjective,general,0.840,general
luxury,adjective,general,0.480,general
luxury,noun,shopping,0.600,shopping
lyric,adjective,arts,0.730,arts
lyrical,adjective,arts,0.970,arts
lyrically,adverb,arts,0.810,arts
lyricist,noun,general,0.400,entertainment
lyrics,noun,entertainment,0.810,entertainment
macabre,adjective,arts,0.690,arts
machine,noun,technology,0.990,technology
mad,adjective,feelings,1.000,feelings
madam,noun,general,0.370,communication
madame,noun,general,0.300,family
madness,noun,health,0.780,health
maelstrom,noun,nature,0.920,nature
maestro,noun,arts,0.610,arts
magazine,noun,entertainment,0.870,entertainment
maggot,noun,animals,0.990,animals
magic,adjective,general,0.850,general
magic,noun,arts,0.600,arts
magical,adjective,general,0.900,general
magician,noun,entertainment,0.690,entertainment
magnanimity,noun,feelings,1.000,feelings
magnanimous,adjective,feelings,1.000,feelings
magnanimously,adverb,feelings,0.970,feelings
magnate,noun,business,1.000,business
magnetic,adjective,science,0.750,science
magnetically,adverb,general,0.860,general
magnetism,noun,science,0.960,science
magnificent,adjective,general,0.980,general
magnify,verb,general,0.720,general
magpie,noun,animals,1.000,animals
mail,noun,communication,0.990,communication
mail,verb,communication,1.000,communication
mailbox,noun,communication,0.640,communication
main,adjective,general,1.000,general
main course,noun,food,1.000,food
mainly,adverb,general,1.000,general
maintain,verb,general,0.970,general
maintenance,noun,general,0.350,work
major,adjective,general,1.000,general
major,noun,education,0.800,education
majority,noun,general,0.480,society
make,noun,business,0.550,business
make,verb,general,1.000,general
make-up,noun,body,0.690,body
maker,noun,work,0.900,work
malady,noun,health,1.000,health
malaria,noun,health,1.000,health
male,adjective,general,0.800,general
male,noun,general,0.350,family
malfunction,verb,technology,0.980,technology
malice,noun,feelings,0.990,feelings
malicious,adjective,feelings,0.990,feelings
maliciously,adverb,feelings,0.650,feelings
mall,noun,shopping,0.760,shopping
malleability,noun,science,0.710,science
malleable,adjective,general,0.740,general
mama/mamma,noun,family,1.000,family
man,noun,general,0.430,family
man,verb,work,0.760,work
manage,verb,work,0.630,work
management,noun,work,0.680,work
manager,noun,work,0.990,work
maneuver/manoeuvre,noun,general,0.360,society
maneuver/manoeuvre,verb,general,0.490,general
mangle,verb,body,0.560,body
mango,noun,food,0.990,food
manicure,noun,body,0.940,body
manicure,verb,body,0.980,body
manipulate,verb,general,0.390,general
manipulation,noun,general,0.430,feelings
mankind,noun,society,0.860,society
manner,noun,general,0.310,communication
mansion,noun,home,0.970,home
manual,adjective,general,0.580,general
manual,noun,education,0.650,education
manufacture,noun,business,0.950,business
manufacture,verb,business,0.790,business
manufacturer,noun,business,0.940,business
manufacturing,noun,business,0.950,business
many,determiner,general,1.000,general
many,pronoun,general,1.000,general
map,noun,travel,0.900,travel
maple,noun,animals,0.910,animals
marathon,noun,sports,1.000,sports
marble,noun,nature,0.750,nature
march,noun,society,0.510,society
march,verb,body,0.740,body
margin,noun,general,0.480,business
marginal,adjective,general,0.920,general
marginally,adverb,general,1.000,general
marine,adjective,nature,0.950,nature
mariner,noun,work,0.830,work
mark,noun,education,0.760,education
mark,verb,general,0.660,general
mark-up,noun,business,1.000,business
marked,adjective,general,0.990,general
market,noun,general,0.440,shopping
market,verb,business,0.970,business
marketability,noun,business,1.000,business
marketing,noun,business,1.000,business
marriage,noun,family,1.000,family
married,adjective,family,1.000,family
marry,verb,family,1.000,family
martial art,noun,sports,0.910,sports
marvel,noun,general,0.480,general
marvel,verb,feelings,0.940,feelings
marvelous/marvellous,adjective,general,0.890,general
mash,verb,food,0.980,food
mask,noun,general,0.300,health
mass,adjective,general,0.870,general
mass,noun,science,0.590,science
massacre,noun,society,1.000,society
massage,noun,health,0.820,health
masseur,noun,work,0.600,work
massive,adjective,general,1.000,general
master,noun,work,0.730,work
masterpiece,noun,arts,1.000,arts
mastery,noun,education,0.830,education
match,noun,general,0.480,home
match,verb,general,0.900,general
mate,noun,family,0.850,family
material,noun,general,0.540,general
materialism,noun,feelings,0.540,feelings
materialistic,adjective,feelings,0.980,feelings
materialization/materialisation,noun,general,0.700,general
materialize/materialise,verb,general,0.980,general
maternal,adjective,family,0.990,family
maternalistic,adjective,feelings,0.500,feelings
math/maths,noun,education,0.630,education
mathematical,adjective,science,0.580,science
mathematician,noun,work,0.570,work
mathematics,noun,science,0.680,science
matter,noun,general,0.720,general
matter,verb,general,0.950,general
mature,adjective,general,0.380,general
mausoleum,noun,general,0.480,city
maverick,noun,feelings,0.850,feelings
max,noun,general,0.670,general
maximum,adjective,general,0.990,general
maximum,noun,general,0.930,general
may,modal auxiliary,general,0.980,general
maybe,adverb,general,1.000,general
mayor,noun,society,0.970,society
me,pronoun,general,1.000,general
meager/meagre,adjective,general,0.950,general
meal,noun,food,1.000,food
mean,adjective,feelings,0.950,feelings
mean,noun,general,0.330,general
mean,verb,communication,0.610,communication
meaning,noun,communication,0.870,communication
meaningful,adjective,general,0.920,general
meaningless,adjective,general,0.880,general
meaninglessly,adverb,general,0.810,general
means,noun,general,0.810,general
meanwhile,adverb,general,1.000,general
measure,noun,general,0.990,general
measure,verb,general,1.000,general
measurement,noun,general,0.990,general
meat,noun,food,1.000,food
mechanic,noun,work,0.980,work
mechanical,adjective,technology,0.740,technology
mechanism,noun,technology,0.720,technology
mechanize/mechanise,verb,technology,0.890,technology
medal,noun,sports,0.900,sports
media,noun,entertainment,0.580,entertainment
mediate,verb,society,0.670,society
mediation,noun,society,0.620,society
medical,adjective,health,1.000,health
medication,noun,health,1.000,health
medicine,noun,health,1.000,health
medieval/mediaeval,adjective,arts,0.870,arts
mediocre,adjective,general,0.980,general
mediocrity,noun,feelings,0.630,feelings
meditate,verb,general,0.330,feelings
meditation,noun,health,0.640,health
medium,adjective,general,0.890,general
medium,noun,communication,0.570,communication
meet,verb,general,0.710,general
meeting,noun,work,0.960,work
melancholy,adjective,feelings,1.000,feelings
melancholy,noun,feelings,1.000,feelings
melodious,adjective,entertainment,0.510,entertainment
melodiously,adverb,general,0.410,general
melody,noun,entertainment,0.920,entertainment
melon,noun,food,1.000,food
melt,verb,general,0.390,science
member,noun,society,0.570,society
membership,noun,society,0.760,society
memorable,adjective,general,0.960,general
memorial,noun,arts,0.710,arts
memorize/memorise,verb,education,0.990,education
memory,noun,feelings,0.560,feelings
menace,noun,society,0.520,society
menacing,adjective,feelings,0.690,feelings
menacingly,adverb,general,0.590,general
mend,verb,general,0.430,home
menial,adjective,work,0.990,work
mental,adjective,general,0.490,health
mentally,adverb,general,0.660,general
mention,noun,communication,1.000,communication
mention,verb,communication,1.000,communication
mentor,noun,education,0.920,education
menu,noun,food,1.000,food
mercantile,adjective,business,1.000,business
mercenary,noun,society,0.870,society
merchandise,noun,business,0.650,business
merchant,noun,business,0.790,business
mercy,noun,feelings,0.930,feelings
mere,adjective,general,1.000,general
merely,adverb,general,1.000,general
merge,verb,general,0.810,general
merger,noun,business,1.000,business
merit,noun,general,0.430,general
merit,verb,general,0.670,general
merry,adjective,feelings,0.990,feelings
mesh,verb,general,0.480,general
mesmeric,adjective,feelings,0.700,feelings
mess,noun,home,0.740,home
mess,verb,general,0.720,general
message,noun,communication,1.000,communication
message board,noun,technology,0.760,technology
messenger,noun,communication,0.620,communication
messy,adjective,general,0.790,general
metal,noun,general,0.390,nature
metalled,adjective,travel,0.570,travel
metaphor,noun,communication,0.930,communication
meteorological,adjective,nature,0.980,nature
meteorology,noun,science,0.810,science
meter/metre,noun,general,0.990,general
method,noun,general,0.710,general
methodical,adjective,feelings,0.500,feelings
methodological,adjective,general,0.410,science
methodologically,adverb,general,0.590,general
methodology,noun,education,0.500,education
meticulous,adjective,feelings,0.880,feelings
meticulously,adverb,general,0.930,general
metric,adjective,general,0.790,general
micro,noun,general,0.470,science
microbe,noun,health,0.720,health
microcomputer,noun,technology,1.000,technology
micrometer/micrometre,noun,general,0.620,general
microorganism,noun,science,0.700,science
microphone,noun,technology,0.820,technology
microscope,noun,science,0.920,science
microscopic,adjective,science,0.510,science
microscopy,noun,science,1.000,science
microwave,noun,home,0.720,home
midday,noun,general,1.000,general
middle,adjective,general,1.000,general
middle,noun,general,0.970,general
middle-aged,adjective,family,0.520,family
midnight,noun,general,1.000,general
midst,noun,general,0.990,general
midwife,noun,general,0.460,health
midwifery,noun,health,0.780,health
mien,noun,body,0.820,body
might,modal auxiliary,general,0.960,general
mighty,adjective,general,0.940,general
migration,noun,society,0.800,society
mild,adjective,general,0.840,general
mile,noun,general,0.770,general
milieu,noun,society,0.690,society
military,adjective,society,0.990,society
milk,noun,food,1.000,food
mill,noun,general,0.390,city
millimeter/millimetre,noun,general,1.000,general
million,number,general,1.000,general
millionaire,noun,business,0.980,business
mimic,noun,general,0.440,communication
mind,noun,feelings,0.710,feelings
mind,verb,general,0.530,general
mine,noun,general,0.280,nature
mine,pronoun,general,1.000,general
minefield,noun,society,0.900,society
mineral,noun,nature,0.740,nature
mineral water,noun,food,1.000,food
mingle,verb,general,0.350,entertainment
miniature,adjective,general,0.940,general
minimize/minimise,verb,general,0.970,general
minimum,adjective,general,1.000,general
minimum,noun,general,0.980,general
minister,noun,society,0.980,society
minor,adjective,general,0.990,general
minority,noun,society,0.990,society
minster,verb,general,0.430,communication
mint,noun,food,0.760,food
minus,preposition,general,0.990,general
minute,noun,general,1.000,general
minutiae,noun,general,0.880,general
miracle,noun,arts,0.720,arts
mirror,noun,home,0.980,home
mischief,noun,general,0.460,society
misconception,noun,general,0.280,general
misdemeanor/misdemanour,noun,society,1.000,society
miserable,adjective,feelings,1.000,feelings
misery,noun,feelings,1.000,feelings
misfortune,noun,feelings,0.610,feelings
mislead,verb,communication,0.850,communication
misleading,adjective,communication,0.540,communication
misplace,verb,general,0.710,general
miss,verb,general,0.580,general
missile,noun,society,0.950,society
missing,adjective,general,0.990,general
mission,noun,work,0.730,work
mist,noun,nature,1.000,nature
mistake,noun,general,0.680,general
mistreat,verb,society,0.620,society
mistrustful,adjective,feelings,1.000,feelings
misty,adjective,nature,0.990,nature
misunderstand,verb,communication,0.990,communication
misunderstanding,noun,communication,1.000,communication
mix,noun,general,0.720,general
mix,verb,general,0.860,general
mixing bowl,noun,food,0.980,food
mixture,noun,science,0.610,science
mobile,adjective,general,0.740,general
mobile,noun,technology,0.780,technology
mobile phone,noun,technology,0.820,technology
mobility,noun,travel,0.660,travel
mock,adjective,general,0.460,general
modal verb/modal,noun,communication,0.870,communication
model,adjective,general,0.900,general
model,noun,general,0.270,arts
model,verb,general,0.400,general
modem,noun,technology,1.000,technology
moderate,adjective,general,0.980,general
modern,adjective,general,0.980,general
modernism,noun,arts,1.000,arts
modernization/modernisation,noun,society,0.900,society
modernize/modernise,verb,general,0.510,general
modest,adjective,feelings,0.860,feelings
modification,noun,general,0.920,general
modify,verb,general,0.960,general
mogul,noun,business,0.990,business
moisture,noun,nature,0.870,nature
mold/mould,noun,general,0.360,nature
mold/mould,verb,general,0.430,arts
molecule,noun,science,1.000,science
mom,noun,family,1.000,family
moment,noun,general,1.000,general
momentarily,adverb,general,1.000,general
momentary,adjective,general,1.000,general
mommy/mommie,noun,family,1.000,family
monastery,noun,arts,0.860,arts
monastic,adjective,arts,0.960,arts
money,noun,business,0.990,business
monitor,noun,technology,0.920,technology
monitor,verb,general,0.730,general
monk,noun,arts,0.960,arts
monkey,noun,animals,1.000,animals
monotonous,adjective,general,0.810,general
monotonously,adverb,general,0.880,general
monotony,noun,feelings,0.830,feelings
monster,noun,general,0.330,entertainment
month,noun,general,1.000,general
monthly,adjective,general,1.000,general
monthly,adverb,general,1.000,general
monument,noun,general,0.490,city
mood,noun,feelings,1.000,feelings
moody,adjective,feelings,1.000,feelings
moon,noun,nature,0.620,nature
moonlight,noun,nature,0.980,nature
moonscape,noun,nature,0.850,nature
moor,noun,nature,0.980,nature
moral,adjective,general,0.490,feelings
moral,noun,general,0.470,feelings
morality,noun,society,0.640,society
morally,adverb,general,0.790,general
more,adverb,general,1.000,general
more,determiner,general,1.000,general
more,pronoun,general,1.000,general
moreover,adverb,general,0.970,general
moribund,adjective,general,0.650,general
morning,noun,general,1.000,general
mortal,adjective,general,0.650,general
mortar,noun,general,0.420,city
mortgage,noun,business,0.900,business
mortify,verb,feelings,1.000,feelings
mosque,noun,arts,0.780,arts
mosquito,noun,animals,1.000,animals
moss,noun,nature,0.560,nature
most,adverb,general,1.000,general
most,determiner,general,1.000,general
most,pronoun,general,1.000,general
mostly,adverb,general,1.000,general
mother,noun,family,1.000,family
mother-in-law,noun,family,1.000,family
motherland,noun,city,0.510,city
motion,noun,general,0.360,science
motionless,adjective,general,0.570,general
motivate,verb,general,0.400,general
motivated,adjective,feelings,0.930,feelings
motivation,noun,feelings,0.970,feelings
motive,noun,feelings,0.920,feelings
motley,adjective,general,0.880,general
motor,noun,travel,0.530,travel
motorbike,noun,travel,1.000,travel
motorcycle,noun,travel,1.000,travel
motorist,noun,travel,1.000,travel
motorway,noun,travel,1.000,travel
mottled,adjective,general,0.610,general
motto,noun,communication,0.560,communication
mount,noun,nature,0.970,nature
mount,verb,general,0.330,nature
mountain,noun,nature,1.000,nature
mountaineer,noun,sports,0.610,sports
mountaintop,noun,nature,1.000,nature
mourn,verb,feelings,0.990,feelings
mournful,adjective,feelings,1.000,feelings
mouse,noun,animals,0.930,animals
mouth,noun,body,1.000,body
move,noun,general,0.460,general
move,verb,general,0.560,general
movement,noun,body,0.580,body
mover,noun,work,0.560,work
movie,noun,entertainment,1.000,entertainment
moving,adjective,feelings,0.520,feelings
much,adverb,general,1.000,general
much,determiner,general,1.000,general
much,pronoun,general,1.000,general
mud,noun,nature,1.000,nature
muddy,adjective,nature,0.550,nature
mug,noun,food,0.600,food
mule,noun,animals,1.000,animals
mull over,verb,general,0.720,general
multiple,adjective,general,1.000,general
multiply,verb,general,0.540,general
mum,noun,family,1.000,family
mumble,noun,communication,0.980,communication
mumble,verb,communication,1.000,communication
munch,verb,food,0.900,food
mundanity,noun,general,0.540,general
munificence,noun,feelings,0.770,feelings
murder,noun,society,1.000,society
murder,verb,society,0.990,society
murderer,noun,society,1.000,society
murmur,noun,communication,0.920,communication
muscle,noun,body,1.000,body
muscle-bound,adjective,body,0.930,body
muscular,adjective,body,0.990,body
muse,verb,general,0.450,arts
museum,noun,arts,0.970,arts
mushroom,noun,food,0.920,food
music,noun,entertainment,0.960,entertainment
musical,adjective,entertainment,0.610,entertainment
musical,noun,entertainment,0.540,entertainment
musician,noun,general,0.430,entertainment
must,modal auxiliary,general,0.960,general
mustache/moustache,noun,body,1.000,body
mustard,noun,food,1.000,food
mutability,noun,general,0.600,general
mutable,adjective,general,0.960,general
mutinous,adjective,society,0.730,society
mutinously,adverb,society,0.840,society
mutter,noun,communication,0.960,communication
mutter,verb,communication,0.990,communication
mutton,noun,food,1.000,food
mutual,adjective,general,0.890,general
mutually,adverb,general,0.990,general
my,determiner,general,1.000,general
myriad,adjective,general,1.000,general
myself,pronoun,general,1.000,general
mysterious,adjective,general,0.810,general
mystery,noun,general,0.390,general
mystify,verb,general,0.380,general
mystique,noun,general,0.330,arts
myth,noun,arts,1.000,arts
mythological,adjective,arts,0.980,arts
mythology,noun,arts,1.000,arts
nail,noun,home,0.630,home
naive,adjective,feelings,0.950,feelings
naively,adverb,general,0.470,feelings
naivety,noun,feelings,1.000,feelings
naked,adjective,body,0.870,body
name,noun,general,0.380,communication
name,verb,communication,0.560,communication
nano,noun,science,0.680,science
nap,noun,body,0.530,body
napkin,noun,food,0.940,food
narcissistic,adjective,feelings,0.990,feelings
narrate,verb,communication,0.980,communication
narrative,adjective,communication,0.670,communication
narrator,noun,arts,0.720,arts
narrow,adjective,general,1.000,general
narrowly,adverb,general,1.000,general
nascent,adjective,general,0.970,general
nasty,adjective,general,0.510,general
nation,noun,general,0.480,city
national,adjective,society,0.600,society
nationalist,noun,society,0.990,society
nationality,noun,society,0.580,society
nationwide,adjective,general,0.510,general
nationwide,adverb,general,0.790,general
native,adjective,general,0.460,communication
native speaker,noun,communication,0.980,communication
natural,adjective,general,0.820,general
naturally,adverb,general,1.000,general
naturalness,noun,general,0.250,nature
nature,noun,nature,0.950,nature
naughty,adjective,feelings,0.890,feelings
naval,adjective,society,0.850,society
navigate,verb,travel,0.990,travel
navigation,noun,travel,0.990,travel
navy,noun,society,0.960,society
navy blue,adjective,shopping,0.760,shopping
near,adjective,general,0.990,general
near,adverb,general,1.000,general
near,preposition,general,1.000,general
nearby,adjective,general,0.910,general
nearby,adverb,general,0.970,general
nearly,adverb,general,1.000,general
neat,adjective,general,0.750,general
necessarily,adverb,general,1.000,general
necessary,adjective,general,1.000,general
necessity,noun,general,0.950,general
neck,noun,body,1.000,body
necklace,noun,shopping,1.000,shopping
nectar,noun,food,0.900,food
need,modal auxiliary,general,0.970,general
need,noun,general,0.930,general
need,verb,general,1.000,general
needle,noun,home,0.820,home
needless,adjective,general,0.990,general
needy,adjective,general,0.480,society
negative,adjective,general,0.910,general
negatively,adverb,general,0.990,general
neglect,noun,general,0.380,feelings
neglectful,adjective,feelings,0.890,feelings
negligent,adjective,general,0.470,feelings
negligently,adverb,society,0.530,society
negligible,adjective,general,1.000,general
negotiate,verb,business,0.740,business
negotiation,noun,business,0.770,business
neighbor/neighbour,noun,general,0.400,family
neighborhood/neighbourhood,noun,city,1.000,city
neighboring/neighbouring,adjective,city,0.710,city
neither,adverb,general,1.000,general
neither,conjunction,general,1.000,general
neither,determiner,general,1.000,general
neither,pronoun,general,1.000,general
neophyte,noun,general,0.370,arts
nephew,noun,family,1.000,family
nerve,noun,body,0.910,body
nerves,noun,feelings,0.510,feelings
nervous,adjective,feelings,1.000,feelings
nervously,adverb,feelings,0.830,feelings
nervousness,noun,feelings,1.000,feelings
ness,noun,general,0.500,general
net,adjective,general,0.700,general
net,noun,general,0.330,sports
netsurfer/net surfer,noun,technology,1.000,technology
network,noun,technology,0.880,technology
neurosis,noun,health,0.990,health
neutral,adjective,general,0.870,general
neutralization/neutralisation,noun,science,0.860,science
neutralize/neutralise,verb,science,0.650,science
never,adverb,general,1.000,general
nevertheless,adverb,general,1.000,general
new,adjective,general,1.000,general
newborn,adjective,family,0.980,family
newcomer,noun,general,0.480,society
newly,adverb,general,1.000,general
news,noun,general,0.450,entertainment
newscaster,noun,entertainment,0.530,entertainment
newspaper,noun,general,0.480,communication
newsworthy,adjective,communication,0.510,communication
next,adverb,general,1.000,general
next,determiner,general,1.000,general
next,pronoun,general,1.000,general
next door,adverb,general,0.340,general
next to,preposition,general,1.000,general
next-door,adjective,general,0.440,home
nice,adjective,general,0.930,general
nicely,adverb,general,1.000,general
niche,noun,business,0.770,business
nickname,noun,communication,0.880,communication
niece,noun,family,1.000,family
nigh,adverb,general,1.000,general
night,noun,general,1.000,general
nightclub,noun,entertainment,0.890,entertainment
nightlife,noun,entertainment,0.950,entertainment
nightmare,noun,feelings,0.950,feelings
nine,number,general,1.000,general
nineteen,number,general,1.000,general
ninety,number,general,1.000,general
no,adverb,general,0.990,general
no,determiner,general,1.000,general
no one,pronoun,general,1.000,general
nobility,noun,society,0.970,society
noble,adjective,feelings,0.870,feelings
nobleman,noun,society,0.940,society
nobody,pronoun,general,1.000,general
nocturnal,adjective,general,0.750,general
nod,noun,body,0.690,body
nod,verb,body,0.660,body
noise,noun,general,0.570,general
noisily,adverb,general,0.990,general
noisy,adjective,general,0.960,general
nomad,noun,travel,0.660,travel
nomination,noun,society,0.980,society
nominee,noun,society,0.990,society
non-smoking,adjective,health,0.610,health
nonchalant,adjective,feelings,0.990,feelings
nonchalantly,adverb,feelings,0.560,feelings
nondescript,adjective,general,0.980,general
none,pronoun,general,1.000,general
nonetheless,adverb,general,1.000,general
nonprofessional,adjective,work,0.980,work
nonsense,noun,communication,0.800,communication
noon,noun,general,1.000,general
nor,conjunction,general,1.000,general
normal,adjective,general,1.000,general
normally,adverb,general,1.000,general
norms,noun,society,0.970,society
north,adjective,travel,0.520,travel
north,adverb,travel,0.700,travel
north,noun,travel,0.900,travel
northeast,adjective,travel,0.630,travel
northeast,noun,travel,0.850,travel
northeastern,adjective,city,0.770,city
northern,adjective,general,0.450,city
northward,adverb,travel,0.830,travel
northwest,adjective,travel,0.550,travel
northwest,noun,travel,0.830,travel
northwestern,adjective,city,0.500,city
nose,noun,body,1.000,body
nostalgia,noun,feelings,1.000,feelings
nostalgic,adjective,feelings,1.000,feelings
nostalgically,adverb,feelings,0.930,feelings
nostril,noun,body,1.000,body
not,adverb,general,1.000,general
notable,adjective,general,1.000,general
note,noun,communication,0.810,communication
note,verb,communication,0.810,communication
notebook,noun,education,0.990,education
nothing,pronoun,general,1.000,general
notice,noun,communication,0.950,communication
notice,verb,general,0.430,general
noticeable,adjective,general,0.990,general
noticeboard,noun,education,0.640,education
notion,noun,feelings,0.630,feelings
notoriety,noun,society,0.800,society
notorious,adjective,society,0.540,society
notoriously,adverb,general,0.960,general
notwithstanding,preposition,general,1.000,general
nought,noun,general,0.970,general
noun,noun,communication,0.530,communication
nourish,verb,food,0.900,food
nourishment,noun,food,0.930,food
novel,noun,arts,0.980,arts
novelist,noun,arts,0.640,arts
novelty,noun,general,0.750,general
now,adverb,general,1.000,general
now,conjunction,general,1.000,general
nowadays,adverb,general,1.000,general
nowhere,adverb,general,0.990,general
nuclear,adjective,science,0.890,science
nucleus,noun,science,0.940,science
nuisance,noun,general,0.640,general
numb,adjective,body,0.770,body
numb,verb,body,0.510,body
number,noun,general,1.000,general
numerical,adjective,general,0.910,general
numerous,adjective,general,1.000,general
nurse,noun,general,0.480,health
nurse,verb,health,0.880,health
nursery,noun,education,0.930,education
nut,noun,food,0.990,food
nutrient,noun,food,0.730,food
nutrition,noun,health,0.550,health
nutritious,adjective,food,0.940,food
nutshell,noun,general,0.450,communication
o'clock,adverb,general,1.000,general
oak,noun,animals,0.770,animals
oath,noun,society,0.790,society
obedience,noun,feelings,0.650,feelings
obedient,adjective,feelings,0.970,feelings
obey,verb,society,0.590,society
obituary,noun,communication,0.520,communication
object,noun,general,0.710,general
object,verb,communication,0.560,communication
objection,noun,communication,0.650,communication
objective,adjective,general,0.850,general
objective,noun,general,0.570,general
obligation,noun,society,0.810,society
oblige,verb,general,0.700,general
oblique,adjective,general,0.910,general
obscure,adjective,general,0.960,general
obscure,verb,general,0.590,general
obscurely,adverb,general,0.630,general
observation,noun,general,0.490,science
observe,verb,general,0.820,general
observer,noun,general,0.330,society
obsess,verb,feelings,0.960,feelings
obsession,noun,feelings,0.980,feelings
obsessive,adjective,feelings,0.980,feelings
obstacle,noun,general,0.940,general
obtain,verb,general,0.970,general
obvious,adjective,general,1.000,general
obviously,adverb,general,0.990,general
occasion,noun,general,0.830,general
occasion,verb,general,0.920,general
occasional,adjective,general,1.000,general
occasionally,adverb,general,1.000,general
occupant,noun,home,0.630,home
occupation,noun,work,1.000,work
occupational,adjective,work,1.000,work
occupy,verb,general,0.670,general
occur,verb,general,1.000,general
ocean,noun,nature,1.000,nature
octogenarian,noun,family,0.670,family
odd,adjective,general,1.000,general
oddity,noun,general,0.900,general
of,preposition,general,1.000,general
off,adjective,general,0.910,general
off,adverb,general,1.000,general
off,preposition,general,1.000,general
offend,verb,feelings,0.580,feelings
offender,noun,society,1.000,society
offense/offence,noun,society,0.990,society
offensive,adjective,general,0.400,general
offer,noun,business,0.600,business
offer,verb,general,0.450,general
offhand,adverb,general,0.610,general
office,noun,work,1.000,work
officer,noun,society,0.620,society
official,adjective,society,0.670,society
official,noun,society,0.830,society
officially,adverb,general,0.790,general
offshore,adjective,general,0.390,business
offspring,noun,family,1.000,family
often,adverb,general,1.000,general
oil,noun,food,0.850,food
oily,adjective,general,0.570,general
ointment,noun,health,1.000,health
old,adjective,general,0.990,general
old-fashioned,adjective,general,0.940,general
olive,noun,food,0.990,food
olive oil,noun,food,1.000,food
omelet/omelette,noun,food,1.000,food
on,adverb,general,1.000,general
on,preposition,general,1.000,general
once,adverb,general,1.000,general
once,conjunction,general,1.000,general
one,determiner,general,1.000,general
one,number,general,1.000,general
one,pronoun,general,1.000,general
oneself,pronoun,general,1.000,general
onion,noun,food,1.000,food
online,adjective,technology,1.000,technology
online,adverb,technology,0.970,technology
only,adjective,general,1.000,general
only,adverb,general,1.000,general
onstage,adjective,arts,0.980,arts
onto/on to,preposition,general,1.000,general
opacity,noun,general,0.340,science
opaque,adjective,general,0.900,general
open,adjective,general,0.990,general
open,verb,general,0.960,general
opening,noun,general,0.540,general
openly,adverb,general,0.660,general
opera,noun,arts,0.870,arts
operate,verb,general,0.410,general
operation,noun,general,0.420,work
operator,noun,work,0.780,work
opinion,noun,feelings,0.930,feelings
opponent,noun,sports,0.620,sports
opportunity,noun,general,0.750,general
oppose,verb,general,0.560,general
opposite,adjective,general,1.000,general
opposite,adverb,general,0.990,general
opposite,noun,general,0.810,general
opposite,preposition,general,1.000,general
opposition,noun,society,0.870,society
oppress,verb,society,0.990,society
oppression,noun,society,1.000,society
optimism,noun,feelings,1.000,feelings
optimist,noun,feelings,1.000,feelings
optimistic,adjective,feelings,1.000,feelings
option,noun,general,0.900,general
optional,adjective,general,0.990,general
opulence,noun,business,0.720,business
opulent,adjective,general,0.700,general
opulently,adverb,general,0.880,general
or,conjunction,general,1.000,general
oral,adjective,communication,0.960,communication
oral,noun,communication,0.860,communication
orange,adjective,general,0.780,general
orange,noun,food,0.990,food
orator,noun,communication,0.660,communication
orbit,noun,science,0.990,science
orchard,noun,general,0.460,nature
orchestra,noun,entertainment,0.560,entertainment
orchestral,adjective,entertainment,0.520,entertainment
orchid,noun,animals,0.980,animals
ordain,verb,arts,0.540,arts
order,noun,general,0.540,general
order,verb,general,0.280,general
orderly,adjective,general,0.600,general
ordinarily,adverb,general,1.000,general
ordinary,adjective,general,1.000,general
ore,noun,nature,0.900,nature
organ,noun,body,0.840,body
organic,adjective,food,0.920,food
organism,noun,science,0.640,science
organization/organisation,noun,society,0.530,society
organizational,adjective,work,0.670,work
organize/organise,verb,general,0.760,general
organized/organised,adjective,general,0.620,general
organizer/organiser,noun,work,0.500,work
origin,noun,general,0.770,general
original,adjective,general,0.990,general
original,noun,general,0.470,arts
originality,noun,arts,0.580,arts
originally,adverb,general,1.000,general
originate,verb,general,0.970,general
ornament,noun,general,0.440,home
ornamental,adjective,general,0.430,general
ornate,adjective,arts,0.550,arts
orphan,noun,family,0.980,family
orphan,verb,family,0.620,family
ostensible,adjective,general,0.880,general
ostensibly,adverb,general,0.910,general
other,determiner,general,1.000,general
other,pronoun,general,1.000,general
otherwise,adverb,general,1.000,general
otter,noun,animals,1.000,animals
ought to,modal auxiliary,general,0.860,general
ounce,noun,general,1.000,general
our,determiner,general,1.000,general
ours,pronoun,general,1.000,general
ourselves,pronoun,general,1.000,general
out,adverb,general,1.000,general
out of,preposition,general,1.000,general
out-of-date,adjective,general,0.990,general
outback,noun,nature,0.790,nature
outbreak,noun,health,0.990,health
outcome,noun,general,0.960,general
outdistance,verb,sports,0.550,sports
outdo,verb,general,0.820,general
outdoor,adjective,general,0.490,nature
outdoors,adverb,general,0.630,general
outer,adjective,general,0.970,general
outfit,noun,shopping,1.000,shopping
outgrow,verb,general,0.440,family
outing,noun,general,0.430,travel
outlaw,noun,society,1.000,society
outlet,noun,home,0.550,home
outline,noun,general,0.440,communication
outline,verb,communication,0.660,communication
outlive,verb,general,0.760,general
outlook,noun,feelings,0.830,feelings
outmoded,adjective,general,0.970,general
outpatient,noun,health,1.000,health
output,noun,general,0.490,technology
outrage,noun,feelings,0.880,feelings
outrageous,adjective,general,0.510,general
outset,noun,general,0.990,general
outshine,verb,general,0.850,general
outside,adjective,general,0.960,general
outside,adverb,general,1.000,general
outside,noun,general,0.680,general
outside,preposition,general,1.000,general
outsider,noun,society,0.930,society
outskirts,noun,city,1.000,city
outstanding,adjective,general,0.950,general
outward,adjective,general,0.920,general
outwardly,adverb,general,0.930,general
outweigh,verb,general,0.960,general
oval,adjective,general,0.950,general
oven,noun,food,0.700,food
over,adverb,general,1.000,general
over,preposition,general,1.000,general
overall,adjective,general,0.990,general
overall,adverb,general,1.000,general
overalls,noun,shopping,0.890,shopping
overboard,adverb,general,0.760,general
overbook,verb,travel,0.870,travel
overcoat,noun,shopping,1.000,shopping
overcome,verb,general,0.690,general
overdraft,noun,business,1.000,business
overdraft,verb,business,1.000,business
overemphasize/overemphasise,verb,communication,0.920,communication
overestimate,verb,general,0.890,general
overhear,verb,communication,0.990,communication
overjoyed,adjective,feelings,1.000,feelings
overlap,noun,general,0.940,general
overlay,verb,general,0.400,technology
overlook,verb,general,0.870,general
overly,adverb,general,1.000,general
overnight,adjective,general,0.950,general
overnight,adverb,general,1.000,general
overseas,adjective,general,0.400,city
overseas,adverb,travel,0.590,travel
oversee,verb,work,0.970,work
overseer,noun,work,0.960,work
overshadow,verb,general,0.780,general
oversize,adjective,shopping,0.960,shopping
overstep,verb,society,0.540,society
overtake,verb,travel,0.890,travel
overthrow,verb,society,1.000,society
overtime,adverb,work,0.920,work
overtime,noun,work,0.990,work
overturn,verb,society,0.770,society
overweight,adjective,body,0.660,body
overwhelm,verb,feelings,0.930,feelings
overwhelming,adjective,feelings,0.700,feelings
overwork,noun,work,0.900,work
ow,noun,general,0.130,business
owe,verb,business,0.980,business
owing,adjective,business,0.960,business
owing to,preposition,general,1.000,general
owl,noun,animals,1.000,animals
own,adjective,general,0.980,general
own,pronoun,general,1.000,general
own,verb,general,0.470,business
owner,noun,business,0.910,business
ox,noun,animals,1.000,animals
oxygen,noun,science,0.920,science
ozone,noun,nature,0.640,nature
p.m./P.M./pm/PM,adverb,general,1.000,general
pH,noun,science,1.000,science
pa,noun,family,0.970,family
pace,noun,body,0.540,body
pace,verb,body,0.700,body
pacific,adjective,feelings,0.650,feelings
pack,noun,travel,0.870,travel
pack,verb,travel,0.820,travel
package,noun,shopping,0.610,shopping
packed,adjective,general,0.760,general
packet,noun,general,0.340,technology
packing,noun,travel,0.980,travel
pad,noun,home,0.620,home
paddle,noun,sports,0.500,sports
paddle,verb,sports,0.610,sports
page,noun,education,0.660,education
paid,adjective,business,0.660,business
pain,noun,health,0.740,health
painful,adjective,general,0.430,health
painstaking,adjective,general,0.360,feelings
painstakingly,adverb,general,0.880,general
paint,noun,arts,0.900,arts
paint,verb,arts,0.930,arts
paintbrush,noun,arts,1.000,arts
painter,noun,arts,0.720,arts
painting,noun,arts,1.000,arts
pair,noun,general,0.910,general
pajamas/pyjamas,noun,shopping,0.760,shopping
pal,noun,family,1.000,family
palace,noun,city,0.820,city
palatable,adjective,food,0.990,food
palate,noun,body,0.760,body
pale,adjective,body,0.970,body
pallet,noun,business,0.730,business
palm,noun,body,0.990,body
pan,noun,food,0.910,food
pancake,noun,food,1.000,food
pandemic,adjective,health,0.990,health
panel,noun,general,0.250,work
panic,noun,feelings,1.000,feelings
panic,verb,feelings,0.990,feelings
panorama,noun,general,0.360,nature
panoramic,adjective,general,0.550,general
pants,noun,shopping,1.000,shopping
papaya,noun,food,0.980,food
paper,noun,general,0.310,education
paperless,adjective,technology,0.500,technology
paperwork,noun,work,0.980,work
parable,noun,arts,0.980,arts
parachute,noun,travel,0.570,travel
parade,noun,general,0.370,entertainment
paradise,noun,arts,0.720,arts
paradox,noun,general,0.390,general
paradoxical,adjective,general,0.950,general
paradoxically,adverb,general,0.940,general
paragraph,noun,communication,0.880,communication
paralysis,noun,health,0.990,health
paralyze/paralyse,verb,health,0.680,health
paralyzingly/paralysingly,adverb,general,0.780,general
paramedic,adjective,health,0.780,health
parameter,noun,science,0.650,science
paramount,adjective,general,0.990,general
parasite,noun,animals,0.570,animals
parasitic,adjective,general,0.270,feelings
paratrooper,noun,society,0.950,society
parcel,noun,general,0.300,shopping
pardon,noun,society,0.580,society
pardon,verb,general,0.460,society
parent,noun,family,1.000,family
parental,adjective,family,1.000,family
park,noun,city,0.890,city
park,verb,travel,0.680,travel
parking,noun,travel,0.920,travel
parliament,noun,society,1.000,society
parochial,adjective,general,0.470,feelings
parrot,noun,animals,1.000,animals
part,noun,general,0.960,general
part,verb,general,0.540,general
part-time,adjective,work,1.000,work
part-time,adverb,work,0.900,work
partial,adjective,general,0.970,general
participant,noun,general,0.400,general
participate,verb,general,0.840,general
participation,noun,society,0.640,society
participle,noun,communication,0.990,communication
particle,noun,science,0.920,science
particular,adjective,general,1.000,general
particularly,adverb,general,1.000,general
partisan,noun,society,1.000,society
partly,adverb,general,1.000,general
partner,noun,family,0.960,family
partnership,noun,business,0.940,business
party,noun,entertainment,0.990,entertainment
pass,noun,general,0.440,travel
pass,verb,general,0.900,general
passage,noun,communication,0.590,communication
passenger,noun,travel,1.000,travel
passion,noun,feelings,1.000,feelings
passionate,adjective,feelings,1.000,feelings
passionately,adverb,feelings,0.840,feelings
passive,adjective,feelings,0.610,feelings
passport,noun,travel,1.000,travel
password,noun,technology,1.000,technology
past,adjective,general,0.990,general
past,adverb,general,1.000,general
past,preposition,general,1.000,general
pasta,noun,food,1.000,food
pastor,noun,arts,0.680,arts
pastoral,adjective,nature,0.650,nature
patch,noun,general,0.290,home
patchily,adverb,general,0.980,general
patchy,adjective,general,0.960,general
paternal,adjective,family,0.990,family
paternalistic,adjective,society,0.500,society
path,noun,travel,0.900,travel
pathos,noun,general,0.490,feelings
patience,noun,feelings,1.000,feelings
patient,adjective,feelings,0.970,feelings
patient,noun,health,1.000,health
patiently,adverb,general,0.580,general
patriot,noun,society,0.990,society
patriotic,adjective,society,0.540,society
patriotism,noun,society,0.810,society
patrol,noun,society,0.980,society
patron,noun,general,0.410,arts
patronize/patronise,verb,general,0.470,feelings
patronizing/patronising,adjective,feelings,0.970,feelings
patronizingly/patronisingly,adverb,feelings,0.560,feelings
pattern,noun,general,0.720,general
pause,noun,general,0.670,general
pause,verb,general,0.880,general
pave,verb,city,0.860,city
pavement,noun,city,0.960,city
paw,noun,animals,0.620,animals
pawnbroker,noun,business,0.750,business
pawnshop,noun,business,0.700,business
pay,noun,business,0.920,business
pay,verb,business,0.980,business
payment,noun,business,0.990,business
paywall,noun,technology,0.940,technology
pea,noun,food,0.990,food
peace,noun,society,0.840,society
peaceful,adjective,feelings,0.840,feelings
peacefully,adverb,general,0.830,general
peach,noun,food,0.990,food
peacock,noun,animals,1.000,animals
peak,noun,nature,1.000,nature
peanut,noun,food,1.000,food
pear,noun,food,1.000,food
pearl,noun,shopping,0.720,shopping
peasant,noun,society,0.860,society
pebble,noun,nature,1.000,nature
peculiar,adjective,general,0.950,general
pedal,noun,travel,0.940,travel
pedantic,adjective,feelings,0.930,feelings
pedestal,noun,arts,0.760,arts
pedestrian,adjective,general,0.640,general
pedestrian,noun,general,0.490,travel
pedicure,noun,body,0.780,body
pee,verb,body,0.980,body
peel,noun,food,0.980,food
peel,verb,food,0.970,food
peep,noun,general,0.330,body
peer,noun,society,0.720,society
peg,noun,home,0.940,home
pen,noun,education,0.570,education
penalize/penalise,verb,society,0.900,society
penalty,noun,society,0.840,society
pence,noun,business,0.980,business
pencil,noun,education,0.990,education
pendulous,adjective,general,0.680,general
pendulum,noun,science,0.930,science
penetrate,verb,general,0.830,general
penfriend/pen friend,noun,communication,0.730,communication
penguin,noun,animals,1.000,animals
penicillin,noun,health,1.000,health
peninsula,noun,nature,0.940,nature
penniless,adjective,business,0.920,business
penny,noun,business,0.990,business
pension,noun,business,0.870,business
pentagon,noun,society,0.550,society
people,noun,general,0.630,general
pepper,noun,food,1.000,food
per,preposition,general,1.000,general
perceive,verb,body,0.520,body
percent/per cent,noun,general,0.980,general
percentage,noun,general,0.970,general
perception,noun,feelings,0.690,feelings
perceptive,adjective,feelings,0.900,feelings
perceptively,adverb,general,0.560,general
perch,noun,animals,0.830,animals
perch,verb,body,0.540,body
perfect,adjective,general,1.000,general
perfect,verb,general,0.730,general
perfectly,adverb,general,1.000,general
perform,verb,general,0.390,arts
performance,noun,general,0.470,arts
performer,noun,entertainment,0.590,entertainment
perfume,noun,shopping,0.520,shopping
perhaps,adverb,general,0.990,general
period,noun,general,0.990,general
permanence,noun,general,0.890,general
permanent,adjective,general,1.000,general
permanently,adverb,general,1.000,general
permeate,verb,general,0.900,general
permission,noun,society,0.530,society
permit,verb,general,0.580,general
perpetuate,verb,general,0.520,general
persecute,verb,society,1.000,society
persecution,noun,society,1.000,society
perseverance,noun,feelings,1.000,feelings
persist,verb,general,0.730,general
persistence,noun,feelings,0.990,feelings
persistent,adjective,feelings,0.840,feelings
person,noun,general,0.700,general
personal,adjective,general,0.960,general
personality,noun,feelings,1.000,feelings
personalization/personalisation,noun,general,0.440,technology
personalize/personalise,verb,general,0.720,general
personally,adverb,general,0.970,general
personification,noun,communication,0.610,communication
personify,verb,arts,0.800,arts
personnel,noun,work,0.990,work
perspective,noun,general,0.380,feelings
perspiration,noun,body,0.930,body
persuade,verb,communication,0.960,communication
persuasion,noun,communication,0.950,communication
persuasive,adjective,communication,0.640,communication
persuasively,adverb,communication,0.790,communication
pertain to,verb,general,0.920,general
pertinent,adjective,general,0.940,general
pervasive,adjective,general,1.000,general
pervasiveness,noun,general,0.930,general
perverse,adjective,feelings,0.940,feelings
perversity,noun,feelings,1.000,feelings
pessimist,noun,feelings,1.000,feelings
pessimistic,adjective,feelings,1.000,feelings
pet,noun,animals,1.000,animals
petrified,adjective,feelings,0.980,feelings
petrol,noun,travel,1.000,travel
petrol station,noun,travel,0.940,travel
petty,adjective,feelings,0.890,feelings
phantom,adjective,general,0.740,general
phantom,noun,arts,0.710,arts
pharmacist,noun,health,0.580,health
pharmacy,noun,health,0.970,health
phase,noun,general,0.800,general
phenomenal,adjective,general,0.990,general
phenomenally,adverb,general,1.000,general
phenomenon,noun,science,0.540,science
philanthropic,adjective,feelings,0.570,feelings
philanthropically,adverb,society,0.750,society
philanthropist,noun,society,0.800,society
philanthropy,noun,society,0.940,society
philistine,noun,arts,0.650,arts
philosopher,noun,general,0.380,arts
philosophical,adjective,general,0.440,general
philosophy,noun,general,0.460,arts
phoenix,noun,animals,0.560,animals
phone,noun,communication,0.640,communication
phone,verb,communication,0.990,communication
photo,noun,general,0.270,technology
photocopy,noun,general,0.350,work
photograph,noun,general,0.350,arts
photograph,verb,general,0.310,entertainment
photographer,noun,work,0.950,work
photography,noun,arts,0.780,arts
phrasal verb,noun,communication,0.990,communication
phrase,noun,communication,1.000,communication
physical,adjective,body,0.680,body
physicality,noun,body,0.970,body
physically,adverb,general,0.490,general
physician,noun,health,0.970,health
physics,noun,science,1.000,science
physiological,adjective,health,0.540,health
physiologically,adverb,general,0.400,health
physique,noun,body,1.000,body
pi,noun,science,0.830,science
piano,noun,entertainment,0.790,entertainment
pick,noun,general,0.320,general
pick,verb,general,0.860,general
pickle,noun,food,1.000,food
picky,adjective,feelings,0.880,feelings
picnic,noun,food,0.600,food
picture,noun,arts,0.750,arts
picture,verb,communication,0.560,communication
picturesque,adjective,nature,0.550,nature
pie,noun,food,1.000,food
piece,noun,general,0.940,general
piety,noun,arts,0.770,arts
pig,noun,animals,1.000,animals
pigeon,noun,animals,1.000,animals
pile,noun,general,0.600,general
pilgrim,noun,arts,0.590,arts
pill,noun,health,1.000,health
pillow,noun,home,1.000,home
pillowcase,noun,home,1.000,home
pilot,noun,work,0.790,work
pin,noun,home,0.760,home
pin,verb,general,0.510,general
pine,noun,animals,0.850,animals
pineapple,noun,food,0.990,food
pink,adjective,general,0.830,general
pink,noun,general,0.520,general
pinnacle,noun,general,0.460,nature
pint,noun,general,0.870,general
pioneer,noun,general,0.490,society
pioneer,verb,general,0.460,general
pipe,noun,home,0.590,home
piracy,noun,society,0.950,society
pirate,noun,society,0.910,society
pit,noun,nature,0.780,nature
pitch,noun,general,0.370,sports
pitch,verb,general,0.300,business
pity,noun,feelings,1.000,feelings
pizza,noun,food,1.000,food
place,noun,city,0.880,city
place,verb,general,0.920,general
placid,adjective,feelings,0.980,feelings
placidly,adverb,feelings,0.820,feelings
plague,noun,health,0.990,health
plague,verb,health,0.650,health
plain,adjective,general,0.970,general
plan,noun,general,0.900,general
plan,verb,general,0.960,general
plane,noun,travel,1.000,travel
planet,noun,science,0.990,science
planning,noun,general,0.560,general
plant,noun,animals,0.720,animals
plant,verb,nature,0.670,nature
plaque,noun,health,0.560,health
plaster,noun,home,0.890,home
plaster,verb,home,0.680,home
plastic,adjective,general,0.660,general
plastic,noun,general,0.370,science
plate,noun,food,0.860,food
platform,noun,city,0.660,city
plausibility,noun,general,0.390,general
plausible,adjective,general,0.890,general
plausibly,adverb,general,0.840,general
play,noun,entertainment,0.640,entertainment
play,verb,entertainment,0.520,entertainment
player,noun,sports,0.920,sports
playful,adjective,feelings,0.940,feelings
playground,noun,city,0.770,city
playmate,noun,family,0.970,family
playwright,noun,arts,0.970,arts
plead,verb,society,0.530,society
pleasant,adjective,general,0.680,general
pleasantly,adverb,general,0.850,general
please,adverb,general,0.930,general
please,verb,general,0.570,general
pleased,adjective,feelings,1.000,feelings
pleasing,adjective,general,0.710,general
pleasurable,adjective,feelings,0.860,feelings
pleasure,noun,feelings,0.980,feelings
plenty,noun,general,0.990,general
plenty,pronoun,general,1.000,general
plot,noun,arts,0.890,arts
ploy,noun,general,0.410,society
pluck,noun,feelings,0.650,feelings
pluck,verb,body,0.610,body
plug,noun,home,0.660,home
plug,verb,general,0.420,business
plum,adjective,general,0.500,general
plum,noun,food,0.990,food
plumage,noun,animals,0.980,animals
plumber,noun,work,0.940,work
plumbing,noun,home,0.740,home
plume,noun,animals,0.860,animals
plummet,verb,general,0.480,general
plunge,noun,general,0.350,body
plunge,verb,body,0.650,body
plural,noun,communication,0.980,communication
plus,conjunction,general,1.000,general
plus,noun,general,0.750,general
plus,preposition,general,1.000,general
plutocrat,noun,society,0.930,society
pneumonia,noun,health,1.000,health
pocket,noun,shopping,0.950,shopping
pocket money,noun,business,0.890,business
poem,noun,arts,0.990,arts
poet,noun,arts,0.930,arts
poetess,noun,arts,0.970,arts
poetry,noun,arts,1.000,arts
point,noun,general,0.870,general
point,verb,general,0.410,communication
point of view,noun,communication,0.620,communication
pointless,adjective,general,0.950,general
poise,noun,feelings,0.600,feelings
poise,verb,body,0.600,body
poison,noun,health,0.820,health
poison,verb,general,0.470,health
poisonous,adjective,general,0.320,health
polar bear,noun,animals,1.000,animals
pole,noun,general,0.530,general
police,noun,society,1.000,society
police officer,noun,society,0.930,society
police station,noun,society,0.850,society
policeman,noun,society,0.930,society
policewoman,noun,society,0.890,society
policy,noun,society,0.960,society
polio,noun,health,1.000,health
polish,noun,home,0.690,home
polite,adjective,feelings,0.600,feelings
politely,adverb,general,0.580,general
politeness,noun,communication,0.620,communication
political,adjective,society,1.000,society
politically,adverb,society,0.940,society
politician,noun,society,1.000,society
politics,noun,society,1.000,society
polity,noun,society,1.000,society
pollutant,noun,nature,1.000,nature
pollute,verb,nature,1.000,nature
pollution,noun,nature,1.000,nature
polo,noun,sports,0.880,sports
polysyllabic,adjective,communication,0.930,communication
pond,noun,nature,1.000,nature
ponder,verb,general,0.580,general
ponderous,adjective,general,0.700,general
ponderously,adverb,general,0.750,general
pool,noun,general,0.300,sports
poor,adjective,general,0.360,business
pop,noun,entertainment,0.660,entertainment
pop,verb,general,0.600,general
popcorn,noun,food,0.990,food
popular,adjective,general,0.960,general
popularity,noun,general,0.430,society
popularization,noun,communication,0.690,communication
popularize/popularise,verb,communication,0.710,communication
population,noun,society,0.690,society
porch,noun,home,1.000,home
pork,noun,food,1.000,food
port,noun,travel,0.760,travel
portable,adjective,general,0.780,general
portable,noun,general,0.380,technology
porten,noun,city,0.810,city
portion,noun,food,0.730,food
portrait,noun,arts,0.990,arts
portraiture,noun,arts,1.000,arts
portray,verb,arts,0.720,arts
portrayal,noun,arts,0.770,arts
pose,noun,body,0.860,body
pose,verb,body,0.650,body
posh,adjective,general,0.720,general
posit,verb,communication,0.710,communication
position,noun,general,0.780,general
positive,adjective,general,0.840,general
positively,adverb,general,0.990,general
possess,verb,general,0.790,general
possessed,adjective,feelings,0.880,feelings
possession,noun,business,0.580,business
possessive,adjective,communication,0.800,communication
possessor,noun,business,0.610,business
possibility,noun,general,0.940,general
possible,adjective,general,1.000,general
possibly,adverb,general,1.000,general
post,noun,communication,0.880,communication
post,verb,communication,0.910,communication
post office,noun,city,0.510,city
postal,adjective,communication,0.950,communication
postcard,noun,communication,0.880,communication
poster,noun,general,0.370,communication
posterity,noun,family,0.680,family
postman,noun,work,0.960,work
postpone,verb,general,0.980,general
postural,adjective,body,0.710,body
posture,noun,body,0.980,body
posture,verb,body,0.660,body
posturing,noun,general,0.340,feelings
pot,noun,food,0.800,food
potato,noun,food,1.000,food
potent,adjective,general,0.970,general
potential,adjective,general,0.990,general
potential,noun,general,0.930,general
potentially,adverb,general,1.000,general
pottery,noun,arts,0.950,arts
pounce,verb,body,0.720,body
pound,noun,business,0.780,business
pound,verb,body,0.770,body
pour,verb,general,0.460,food
poverty,noun,society,0.910,society
powder,noun,general,0.350,general
powder,verb,body,0.500,body
power,noun,society,0.640,society
powerful,adjective,general,0.920,general
powerfully,adverb,general,0.990,general
practical,adjective,general,0.940,general
practicality,noun,general,0.670,general
practically,adverb,general,1.000,general
practice,noun,education,0.880,education
practice/practise,verb,education,0.650,education
practitioner,noun,work,0.580,work
praise,noun,communication,0.680,communication
praise,verb,communication,0.780,communication
prance,noun,body,0.740,body
prawn,noun,food,0.800,food
pray,verb,arts,0.970,arts
prayer,noun,arts,0.990,arts
preach,verb,communication,0.710,communication
preacher,noun,arts,0.780,arts
precede,verb,general,0.960,general
precious,adjective,general,0.950,general
precise,adjective,general,0.990,general
precisely,adverb,general,0.990,general
precision,noun,general,0.770,general
precocious,adjective,feelings,0.650,feelings
precociously,adverb,general,0.740,general
preconception,noun,feelings,0.960,feelings
predecessor,noun,work,0.700,work
predicament,noun,general,0.570,general
predicate,verb,communication,0.960,communication
predicative,adjective,communication,0.960,communication
predict,verb,general,0.770,general
predictable,adjective,general,0.980,general
prediction,noun,general,0.440,general
predictive,adjective,general,0.900,general
predictor,noun,science,0.560,science
predilection,noun,feelings,1.000,feelings
preeminent,adjective,general,0.960,general
prefect,noun,general,0.460,society
prefer,verb,general,0.710,general
preferable,adjective,general,0.940,general
preferably,adverb,general,0.990,general
preference,noun,feelings,0.950,feelings
prefix,noun,communication,0.990,communication
pregnant,adjective,family,0.650,family
prehistoric,adjective,arts,0.620,arts
prehuman,noun,science,0.650,science
preindustrial,adjective,general,0.470,arts
prejudge,verb,feelings,0.730,feelings
prejudice,noun,society,0.580,society
preliminary,adjective,general,0.980,general
premier,adjective,general,0.810,general
premier,noun,society,0.990,society
premise,noun,communication,0.620,communication
premises,noun,general,0.290,city
preoccupation,noun,feelings,1.000,feelings
preoccupy,verb,feelings,0.970,feelings
preparation,noun,general,0.590,general
prepare,verb,general,0.930,general
prepared,adjective,general,0.960,general
preposition,noun,general,0.700,general
preschool,adjective,education,0.990,education
prescribe,verb,health,1.000,health
prescription,noun,health,1.000,health
prescriptive,adjective,communication,0.730,communication
presence,noun,general,0.670,general
present,adjective,general,0.990,general
present,noun,general,0.470,shopping
present,verb,communication,0.800,communication
presentation,noun,communication,0.690,communication
presentational,adjective,communication,0.860,communication
presenter,noun,entertainment,0.500,entertainment
preservation,noun,nature,0.630,nature
preservationist,noun,nature,0.720,nature
preserve,verb,general,0.450,general
presidency,noun,society,1.000,society
president,noun,society,0.990,society
presidential,adjective,society,0.990,society
press,noun,communication,0.560,communication
press,verb,general,0.430,body
pressure,noun,general,0.390,science
pressurization,noun,general,0.390,technology
pressurize,verb,general,0.280,general
prestige,noun,society,0.630,society
prestigious,adjective,general,0.830,general
presumably,adverb,general,0.970,general
presuppose,verb,communication,0.650,communication
presupposition,noun,communication,0.990,communication
pretend,adjective,general,0.560,general
pretend,verb,general,0.540,general
pretty,adjective,body,0.700,body
pretty,adverb,general,0.990,general
prevail,verb,general,0.880,general
prevent,verb,general,0.950,general
prevention,noun,health,0.830,health
preventive,adjective,health,0.730,health
previous,adjective,general,1.000,general
previously,adverb,general,1.000,general
price,noun,business,0.840,business
price,verb,business,0.930,business
priceless,adjective,general,0.460,general
prick,noun,body,0.690,body
pride,noun,feelings,1.000,feelings
priest,noun,arts,0.810,arts
primarily,adverb,general,1.000,general
primary,adjective,general,0.990,general
primary school,noun,education,1.000,education
prime,adjective,general,0.990,general
prime minister,noun,society,1.000,society
primeval,adjective,general,0.370,nature
primitive,adjective,general,0.760,general
primitively,adverb,general,0.810,general
prince,noun,society,0.750,society
princess,noun,family,0.610,family
principal,adjective,general,0.880,general
principal,noun,education,0.970,education
principally,adverb,general,0.990,general
principle,noun,general,0.560,general
print,noun,general,0.380,communication
print,verb,technology,0.770,technology
printer,noun,technology,0.990,technology
prior,adjective,general,1.000,general
priority,noun,general,0.470,work
prise,verb,general,0.520,general
prison,noun,society,0.990,society
prisoner,noun,society,1.000,society
prissy,adjective,feelings,0.960,feelings
privacy,noun,society,0.810,society
private,adjective,general,0.960,general
privately,adverb,general,0.890,general
privilege,noun,society,1.000,society
privileged,adjective,society,0.940,society
prize,noun,sports,0.500,sports
pro,noun,general,0.480,work
probability,noun,science,0.780,science
probable,adjective,general,0.990,general
probably,adverb,general,1.000,general
probe,noun,science,0.500,science
problem,noun,general,0.950,general
procedural,adjective,general,0.740,general
procedural,noun,general,0.430,general
procedure,noun,general,0.510,general
proceed,verb,general,0.980,general
process,noun,general,0.740,general
process,verb,general,0.690,general
proclaim,verb,communication,0.950,communication
procrastination,noun,feelings,0.540,feelings
produce,verb,general,0.530,general
producer,noun,work,0.590,work
product,noun,business,0.660,business
production,noun,business,0.720,business
productive,adjective,work,0.610,work
profess,verb,communication,0.920,communication
profession,noun,work,1.000,work
professional,adjective,work,0.990,work
professional,noun,work,1.000,work
professionalism,noun,work,0.980,work
professor,noun,education,0.980,education
profile,noun,general,0.450,body
profit,noun,business,1.000,business
profitability,noun,business,1.000,business
profitable,adjective,business,1.000,business
profound,adjective,general,0.940,general
profoundly,adverb,general,0.960,general
program/programme,noun,education,0.510,education
program/programme,verb,general,0.390,technology
programmer,noun,technology,0.670,technology
programming,noun,technology,1.000,technology
progress,noun,general,0.830,general
progress,verb,general,0.950,general
progressive,adjective,general,0.650,general
prohibit,verb,society,0.830,society
prohibition,noun,society,0.990,society
prohibitive,adjective,general,0.500,general
prohibitively,adverb,general,0.760,general
project,noun,work,0.910,work
project,verb,work,0.740,work
projection,noun,general,0.180,feelings
proliferate,verb,general,0.850,general
proliferation,noun,society,0.520,society
prolific,adjective,general,0.700,general
prolifically,adverb,general,0.890,general
prolong,verb,general,0.990,general
prom,noun,education,0.600,education
promenade,noun,city,0.960,city
prominence,noun,general,0.430,general
prominent,adjective,general,0.960,general
promise,noun,communication,0.820,communication
promise,verb,communication,0.780,communication
promotable,adjective,work,0.990,work
promote,verb,work,0.660,work
promotion,noun,work,0.970,work
prompt,adjective,general,0.740,general
prompt,noun,communication,0.710,communication
prompt,verb,communication,0.580,communication
promptly,adverb,general,1.000,general
prone,adjective,general,0.760,general
pronoun,noun,general,0.760,general
pronounce,verb,communication,0.990,communication
pronunciation,noun,communication,0.970,communication
proof,noun,general,0.400,general
prop,noun,arts,0.730,arts
prop,verb,general,0.440,general
proper,adjective,general,1.000,general
properly,adverb,general,1.000,general
property,noun,business,0.860,business
prophet,noun,arts,0.990,arts
prophetic,adjective,arts,0.660,arts
proponent,noun,society,0.670,society
proportion,noun,general,0.850,general
proportional,adjective,general,0.820,general
proportionally,adverb,general,0.990,general
proposal,noun,general,0.460,communication
propose,verb,communication,0.740,communication
proposed,adjective,general,0.550,general
proposition,noun,communication,0.790,communication
proprietary,adjective,business,0.980,business
proprietorial,adjective,feelings,0.810,feelings
proscribe,verb,society,0.980,society
proscription,noun,society,0.990,society
prose,noun,arts,0.510,arts
prosecute,verb,society,1.000,society
prospect,noun,business,0.530,business
prospective,adjective,general,0.910,general
prosper,verb,business,0.890,business
prosperity,noun,business,0.980,business
prosperous,adjective,business,0.760,business
prostrate,adjective,body,0.550,body
prostrate,verb,body,0.950,body
protagonist,noun,arts,0.990,arts
protect,verb,general,0.920,general
protection,noun,society,0.600,society
protective,adjective,general,0.830,general
protest,noun,society,1.000,society
protest,verb,society,0.970,society
protrude,verb,general,0.590,general
protrusion,noun,general,0.470,body
proud,adjective,feelings,1.000,feelings
proudly,adverb,feelings,0.600,feelings
prove,verb,general,0.850,general
proven,adjective,general,0.980,general
proverb,noun,communication,0.590,communication
proverbial,adjective,general,0.420,communication
provide,verb,general,0.990,general
provided,conjunction,general,1.000,general
province,noun,city,0.880,city
provincial,adjective,city,0.640,city
provision,noun,food,0.660,food
provisions,noun,food,0.950,food
provocation,noun,feelings,0.610,feelings
provocative,adjective,feelings,0.620,feelings
provocatively,adverb,general,0.650,general
provoke,verb,feelings,0.740,feelings
prowl,verb,general,0.410,animals
proximal,adjective,general,0.610,general
proximity,noun,general,0.810,general
prurience,noun,feelings,0.980,feelings
prurient,adjective,feelings,0.960,feelings
psyche,noun,feelings,0.800,feelings
psychiatric,adjective,health,1.000,health
psychiatrist,noun,health,0.930,health
psychological,adjective,feelings,0.550,feelings
psychologically,adverb,feelings,0.500,feelings
psychologist,noun,work,0.510,work
psychology,noun,science,0.950,science
pub,noun,general,0.480,city
public,adjective,society,0.570,society
public,noun,society,0.890,society
public transport,noun,travel,1.000,travel
publication,noun,communication,0.880,communication
publicity,noun,business,0.900,business
publicize/publicise,verb,communication,0.550,communication
publicly,adverb,general,0.750,general
publish,verb,communication,0.920,communication
publisher,noun,work,0.680,work
pudding,noun,food,1.000,food
pull,verb,body,0.550,body
pullover,noun,shopping,1.000,shopping
pulse,noun,body,0.560,body
pump,noun,technology,0.820,technology
pumpkin,noun,food,0.760,food
punch,noun,food,0.620,food
punch,verb,body,0.820,body
punctual,adjective,general,0.600,general
punctuality,noun,general,0.480,work
punctuation,noun,communication,0.980,communication
punish,verb,society,0.950,society
punishment,noun,society,0.990,society
punitive,adjective,society,0.960,society
punitively,adverb,society,0.820,society
pupil,noun,education,0.970,education
puppy,noun,animals,1.000,animals
purchase,noun,shopping,0.900,shopping
purchase,verb,shopping,0.940,shopping
pure,adjective,general,0.990,general
purify,verb,general,0.520,general
puritanical,adjective,feelings,0.900,feelings
purity,noun,feelings,0.650,feelings
purple,adjective,general,0.910,general
purple,noun,general,0.660,general
purpose,noun,general,0.850,general
purposeful,adjective,feelings,0.670,feelings
purse,noun,shopping,0.980,shopping
pursue,verb,general,0.950,general
pursuit,noun,general,0.600,general
push,noun,body,0.660,body
push,verb,body,0.520,body
put,verb,general,0.990,general
puzzle,noun,entertainment,0.980,entertainment
puzzle,verb,general,0.500,general
puzzled,adjective,feelings,0.990,feelings
pyre,noun,arts,0.960,arts
quake,noun,nature,1.000,nature
qualification,noun,education,0.710,education
qualified,adjective,work,0.560,work
qualify,verb,general,0.640,general
qualitative,adjective,general,0.730,general
quality,adjective,general,0.960,general
quality,noun,general,0.780,general
qualm,noun,feelings,1.000,feelings
quantify,verb,general,0.700,general
quantity,noun,general,1.000,general
quarantine,noun,health,1.000,health
quarrel,noun,general,0.430,family
quarrel,verb,general,0.400,communication
quarrelsome,adjective,feelings,0.990,feelings
quarry,noun,nature,0.620,nature
quarter,noun,general,0.700,general
queen,noun,society,0.770,society
queer,adjective,society,0.630,society
query,noun,communication,0.910,communication
query,verb,communication,0.900,communication
quest,noun,general,0.430,general
question,noun,communication,0.860,communication
question,verb,communication,0.860,communication
question mark,noun,communication,0.990,communication
questionnaire,noun,communication,0.560,communication
queue,noun,general,0.420,city
queue,verb,general,0.600,general
quick,adjective,general,1.000,general
quickly,adverb,general,1.000,general
quiet,adjective,general,0.900,general
quiet,noun,general,0.420,general
quietly,adverb,general,0.990,general
quip,noun,communication,0.990,communication
quip,verb,communication,1.000,communication
quirk,noun,feelings,0.890,feelings
quirk,verb,general,0.350,general
quirky,adjective,feelings,0.810,feelings
quirky,noun,feelings,0.800,feelings
quit,adjective,general,0.330,work
quit,verb,work,0.700,work
quite,adverb,general,1.000,general
quiver,noun,general,0.280,sports
quiver,verb,body,0.880,body
quiz,noun,education,1.000,education
quotable,adjective,communication,0.950,communication
quotation,noun,communication,0.970,communication
quote,noun,communication,0.970,communication
quote,verb,communication,0.990,communication
rabbit,noun,animals,1.000,animals
race,noun,society,0.650,society
race,verb,sports,0.940,sports
racial,adjective,society,0.970,society
racism,noun,society,1.000,society
racist,noun,society,0.890,society
rack,noun,home,0.950,home
racket,noun,sports,0.970,sports
radar,noun,technology,0.940,technology
radiate,verb,science,0.660,science
radiation,noun,science,0.950,science
radiator,noun,home,0.970,home
radical,noun,society,0.910,society
radically,adverb,general,0.990,general
radio,noun,technology,0.550,technology
radium,noun,science,0.990,science
rafter,noun,home,0.970,home
rag,noun,home,0.800,home
rage,noun,feelings,1.000,feelings
rail,noun,travel,0.950,travel
railroad,noun,travel,1.000,travel
railway,noun,travel,1.000,travel
rain,noun,nature,1.000,nature
rain,verb,nature,1.000,nature
rainbow,noun,nature,0.990,nature
raincoat,noun,shopping,0.950,shopping
rainfall,noun,nature,1.000,nature
rainforest,noun,nature,0.980,nature
rainstorm,noun,nature,1.000,nature
rainy,adjective,nature,1.000,nature
raise,verb,general,0.630,general
rally,noun,society,0.680,society
rally,verb,society,0.500,society
ram,noun,animals,0.970,animals
ramp,noun,city,0.710,city
range,noun,general,0.410,nature
range,verb,general,0.880,general
ranger,noun,work,0.560,work
rank,noun,society,0.600,society
rap,noun,general,0.430,entertainment
rap,verb,communication,0.850,communication
rape,noun,society,0.990,society
rape,verb,society,0.980,society
rapid,adjective,general,1.000,general
rapidly,adverb,general,1.000,general
rapport,noun,communication,0.650,communication
rapture,noun,feelings,1.000,feelings
rapturous,adjective,feelings,1.000,feelings
rapturously,adverb,feelings,0.980,feelings
rare,adjective,general,0.990,general
rarely,adverb,general,1.000,general
rarity,noun,general,0.930,general
rash,adjective,feelings,0.660,feelings
raspberry,noun,food,0.990,food
rat,noun,animals,1.000,animals
rate,noun,general,0.700,general
rate,verb,general,0.750,general
rather,adverb,general,1.000,general
rating,noun,general,0.560,general
ration,noun,food,0.870,food
rational,adjective,feelings,0.570,feelings
rattle,noun,general,0.310,entertainment
raunchily,adverb,general,0.670,general
raunchy,adjective,general,0.450,general
ravage,noun,general,0.450,society
ravish,verb,feelings,0.880,feelings
raw,adjective,food,0.920,food
ray,noun,general,0.360,science
razor,noun,home,0.640,home
reach,noun,general,0.590,general
reach,verb,body,0.650,body
react,verb,general,0.840,general
reaction,noun,feelings,0.630,feelings
read,verb,education,0.500,education
readable,adjective,general,0.550,general
reader,noun,education,0.760,education
readily,adverb,general,1.000,general
reading,noun,education,0.760,education
ready,adjective,general,0.990,general
real,adjective,general,1.000,general
real,adverb,general,1.000,general
real estate,noun,business,0.950,business
realism,noun,arts,0.940,arts
realist,noun,feelings,0.850,feelings
realistic,adjective,general,0.540,general
reality,noun,general,0.910,general
realization/realisation,noun,feelings,0.860,feelings
realize/realise,verb,general,0.710,general
really,adverb,general,1.000,general
reap,verb,general,0.430,work
rear,adjective,general,0.830,general
rearrange,verb,general,0.690,general
reason,noun,general,0.740,general
reasonable,adjective,general,0.850,general
reasonably,adverb,general,1.000,general
reassurance,noun,feelings,0.980,feelings
reassure,verb,feelings,0.800,feelings
rebel,noun,society,0.990,society
rebel,verb,society,0.930,society
rebellious,adjective,feelings,0.980,feelings
rebound,noun,sports,0.810,sports
rebound,verb,general,0.460,sports
rebuild,verb,general,0.530,general
rebuke,noun,communication,0.930,communication
rebuke,verb,communication,0.930,communication
recall,noun,general,0.400,general
recall,verb,general,0.730,general
receipt,noun,shopping,0.640,shopping
receive,verb,general,0.840,general
recent,adjective,general,1.000,general
recently,adverb,general,1.000,general
reception,noun,general,0.260,work
receptionist,noun,work,1.000,work
recess,noun,education,0.980,education
recession,noun,business,1.000,business
recessive,adjective,science,0.630,science
recharge,verb,technology,0.900,technology
recipe,noun,food,1.000,food
recitation,noun,education,0.680,education
recite,verb,education,0.670,education
reckon,verb,general,0.720,general
reclaim,verb,general,0.690,general
recluse,noun,feelings,0.950,feelings
reclusive,adjective,feelings,0.990,feelings
recognition,noun,general,0.320,feelings
recognizable/recognisable,adjective,general,0.980,general
recognizably/recognisably,adverb,general,0.980,general
recognize/recognise,verb,general,0.880,general
recollect,verb,general,0.620,general
recollection,noun,feelings,0.780,feelings
recommend,verb,communication,0.500,communication
recommendable,adjective,general,0.930,general
recommendation,noun,communication,0.600,communication
reconcile,verb,general,0.350,family
reconciliation,noun,general,0.420,family
reconsider,verb,general,0.800,general
record,noun,general,0.330,communication
record,verb,communication,0.500,communication
recording,noun,general,0.350,technology
recourse,noun,society,0.840,society
recover,verb,health,0.920,health
recovery,noun,health,0.990,health
recreation,noun,entertainment,0.980,entertainment
recruit,verb,work,0.990,work
rectangular,adjective,general,0.950,general
recumbent,adjective,body,0.860,body
recuperate,verb,health,1.000,health
recuperation,noun,health,1.000,health
recuperative,adjective,health,0.990,health
recycle,verb,nature,0.990,nature
recycled,adjective,nature,0.950,nature
recycling,noun,nature,0.990,nature
red,adjective,general,0.910,general
red,noun,general,0.670,general
rediscover,verb,general,0.900,general
redo,verb,general,0.940,general
reduce,verb,general,0.980,general
reduction,noun,general,0.890,general
redundancy,noun,general,0.410,work
redundant,adjective,general,0.690,general
redundantly,adverb,communication,0.520,communication
reed,noun,nature,0.670,nature
reef,noun,nature,1.000,nature
reenact,verb,arts,0.950,arts
refer,verb,communication,0.760,communication
referee,noun,sports,0.980,sports
reference,noun,communication,0.650,communication
referent,adjective,communication,0.970,communication
refinery,noun,general,0.290,city
reflect,verb,general,0.650,general
reflection,noun,feelings,0.510,feelings
reflective,adjective,feelings,0.840,feelings
reform,noun,society,0.990,society
refrain,noun,general,0.480,arts
refresh,noun,general,0.390,general
refresh,verb,general,0.770,general
refreshing,adjective,general,0.670,general
refreshingly,adverb,general,0.950,general
refreshments,noun,food,1.000,food
refrigerator,noun,home,0.850,home
refuge,noun,society,0.770,society
refugee,noun,society,1.000,society
refund,noun,business,0.570,business
refurbish,verb,home,0.910,home
refurbishment,noun,home,0.810,home
refusal,noun,communication,0.530,communication
refuse,noun,general,0.310,city
refuse,verb,general,0.690,general
refute,verb,communication,0.950,communication
regain,verb,general,0.940,general
regard,noun,feelings,0.930,feelings
regard,verb,feelings,0.620,feelings
regarding,preposition,general,0.990,general
regardless,adverb,general,1.000,general
reggae,noun,entertainment,0.980,entertainment
regime,noun,society,0.990,society
region,noun,city,1.000,city
regional,adjective,city,0.820,city
register,noun,communication,0.640,communication
register,verb,communication,0.610,communication
registration,noun,education,0.680,education
regret,noun,feelings,1.000,feelings
regret,verb,feelings,1.000,feelings
regrettably,adverb,general,0.830,general
regular,adjective,general,1.000,general
regularly,adverb,general,1.000,general
regulate,verb,society,0.830,society
regulation,noun,society,1.000,society
regulatory,adjective,society,0.960,society
rehearsal,noun,arts,0.940,arts
reinforce,verb,general,0.830,general
reinforcement,noun,education,0.730,education
reissue,verb,business,0.740,business
reject,verb,general,0.890,general
rejection,noun,feelings,0.940,feelings
rejoin,verb,communication,0.580,communication
relapse,noun,health,1.000,health
relapse,verb,health,1.000,health
relate,verb,communication,0.780,communication
related,adjective,general,0.970,general
relation,noun,family,0.970,family
relationship,noun,family,0.990,family
relative,adjective,general,0.820,general
relative,noun,family,1.000,family
relatively,adverb,general,1.000,general
relativity,noun,science,0.990,science
relax,verb,general,0.410,feelings
relaxation,noun,feelings,0.530,feelings
relaxed,adjective,feelings,0.980,feelings
relaxing,adjective,feelings,0.680,feelings
relay,noun,sports,0.720,sports
release,noun,general,0.450,general
release,verb,general,0.880,general
relegate,verb,general,0.800,general
relevant,adjective,general,0.990,general
reliable,adjective,general,0.610,general
relic,noun,arts,1.000,arts
relief,noun,feelings,0.970,feelings
relieve,verb,health,0.530,health
relieved,adjective,feelings,1.000,feelings
religion,noun,arts,0.980,arts
religious,adjective,arts,0.950,arts
relinquish,verb,general,0.890,general
reluctant,adjective,feelings,0.990,feelings
reluctantly,adverb,general,0.480,feelings
rely,verb,general,0.970,general
remain,verb,general,1.000,general
remainder,noun,general,0.700,general
remaining,adjective,general,1.000,general
remains,noun,general,0.680,general
remark,noun,communication,1.000,communication
remark,verb,communication,1.000,communication
remarkable,adjective,general,0.990,general
remarkably,adverb,general,0.990,general
remedial,adjective,education,0.990,education
remedy,noun,health,0.990,health
remember,verb,general,0.930,general
remembrance,noun,feelings,0.890,feelings
remind,verb,general,0.490,general
reminder,noun,general,0.580,general
reminisce,verb,communication,0.530,communication
reminiscent,adjective,feelings,0.520,feelings
remit,verb,business,0.760,business
remittance,noun,business,1.000,business
remonstrance,noun,communication,0.830,communication
remonstrate,vern,communication,0.970,communication
remorse,noun,feelings,1.000,feelings
remorseful,adjective,feelings,1.000,feelings
remorsefully,adverb,feelings,0.990,feelings
remorseless,adjective,feelings,1.000,feelings
remorselessly,adverb,feelings,0.680,feelings
remote,adjective,general,0.810,general
remote control,noun,general,0.470,technology
remotely,adverb,general,0.960,general
remove,verb,general,0.980,general
removed,adjective,general,0.880,general
render,verb,general,0.410,communication
rendering,noun,arts,0.610,arts
renew,verb,general,0.960,general
renown,noun,general,0.340,society
rent,noun,general,0.490,home
rent,verb,business,0.540,business
rental,noun,business,0.710,business
reorganize/reorganise,verb,general,0.600,general
repaint,noun,home,0.680,home
repair,noun,home,0.510,home
repair,verb,general,0.400,general
repay,verb,business,0.990,business
repeat,verb,general,0.700,general
repeatedly,adverb,general,1.000,general
repel,verb,general,0.790,general
repellant,adjective,general,0.580,general
repellant,noun,general,0.270,science
repertoire,noun,arts,0.900,arts
repertory,noun,arts,0.980,arts
repetition,noun,general,0.400,general
replace,verb,general,0.990,general
replacement,noun,general,0.690,general
replica,noun,arts,0.860,arts
reply,noun,communication,1.000,communication
reply,verb,communication,1.000,communication
report,noun,communication,0.950,communication
report,verb,communication,0.990,communication
reporter,noun,work,0.810,work
repose,noun,feelings,0.650,feelings
repose,verb,general,0.390,body
represent,verb,communication,0.570,communication
representative,noun,society,0.950,society
repress,verb,feelings,0.920,feelings
repression,noun,feelings,0.680,feelings
reprint,noun,general,0.480,communication
reproach,verb,communication,0.690,communication
reproduce,verb,general,0.220,science
reprove,verb,communication,0.860,communication
reptilian,adjective,animals,0.890,animals
republic,noun,society,1.000,society
reputation,noun,general,0.460,society
repute,noun,general,0.320,society
repute,verb,communication,0.640,communication
request,noun,communication,0.930,communication
request,verb,communication,0.880,communication
require,verb,general,0.980,general
requirement,noun,general,0.820,general
requisition,noun,general,0.430,business
rescue,noun,society,0.720,society
rescue,verb,general,0.430,general
research,noun,general,0.470,science
research,verb,general,0.470,education
researcher,noun,work,0.750,work
resemble,verb,general,0.480,body
resent,verb,feelings,1.000,feelings
reservation,noun,travel,0.980,travel
reserve,noun,business,0.550,business
reserve,verb,general,0.460,general
residence,noun,home,0.930,home
resident,adjective,city,0.780,city
resident,noun,city,0.770,city
residential,adjective,city,0.880,city
residual,adjective,general,0.950,general
residue,noun,science,0.750,science
resign,verb,work,1.000,work
resignation,noun,work,0.980,work
resilience,noun,feelings,0.980,feelings
resilient,adjective,feelings,0.920,feelings
resin,noun,nature,0.530,nature
resist,verb,general,0.840,general
resistance,noun,general,0.450,society
resolution,noun,feelings,0.510,feelings
resolve,verb,general,0.610,general
resonant,adjective,general,0.650,general
resonate,verb,feelings,0.660,feelings
resort,noun,travel,1.000,travel
resort,verb,general,0.610,general
resound,verb,general,0.350,body
resounding,adjective,general,0.780,general
resoundingly,adverb,general,0.870,general
resource,noun,general,0.510,general
respect,noun,feelings,0.970,feelings
respect,verb,feelings,0.890,feelings
respectable,adjective,general,0.460,general
respectably,adverb,general,0.960,general
respected,adjective,feelings,0.580,feelings
respiration,noun,body,0.700,body
respiratory,adjective,health,0.650,health
respite,noun,general,0.680,general
respond,verb,communication,0.870,communication
response,noun,communication,0.960,communication
responsibility,noun,general,0.470,feelings
responsible,adjective,feelings,0.690,feelings
rest,noun,general,0.470,general
rest,verb,general,0.500,general
restaurant,noun,food,1.000,food
restoration,noun,arts,0.720,arts
restorative,adjective,health,0.860,health
restore,verb,general,0.960,general
restrict,verb,general,0.860,general
restriction,noun,general,0.490,society
result,noun,general,0.900,general
result,verb,general,0.970,general
resume,verb,work,0.620,work
resuscitate,verb,health,1.000,health
resuscitation,noun,health,1.000,health
retail,noun,business,0.780,business
retailer,noun,business,0.710,business
retain,verb,general,0.890,general
retard,verb,general,0.960,general
retell,verb,communication,0.990,communication
retention,noun,education,0.850,education
retina,noun,body,1.000,body
retire,verb,work,1.000,work
retired,adjective,work,0.990,work
retirement,noun,work,0.990,work
retrace,verb,general,0.720,general
retreat,noun,general,0.330,travel
retreat,verb,general,0.520,general
retrieve,verb,general,0.820,general
retrospect,noun,general,0.480,general
retrospection,noun,feelings,0.890,feelings
retrospective,adjective,general,0.710,general
return,noun,general,0.370,general
return,verb,general,0.860,general
reunification,noun,society,0.870,society
reunify,verb,society,0.800,society
reunion,noun,family,0.990,family
reveal,verb,communication,0.590,communication
revealing,adjective,general,0.650,general
revelation,noun,arts,0.610,arts
revelatory,adjective,general,0.850,general
revenge,noun,feelings,0.760,feelings
revenue,noun,business,1.000,business
reverb,noun,entertainment,0.690,entertainment
reverberate,verb,general,0.280,science
reverberation,noun,science,0.880,science
revere,verb,feelings,0.890,feelings
reverence,noun,feelings,0.850,feelings
reverse,verb,general,0.990,general
review,noun,general,0.380,communication
review,verb,general,0.430,education
revile,verb,communication,0.870,communication
revise,verb,education,0.980,education
revision,noun,education,1.000,education
revival,noun,arts,0.550,arts
revive,verb,general,0.510,general
revolution,noun,society,1.000,society
revolutionary,adjective,society,0.760,society
revolutionize/revolutionise,verb,general,0.650,general
revolve,verb,general,0.520,general
revulsion,noun,feelings,1.000,feelings
reward,noun,general,0.430,general
reward,verb,general,0.710,general
rewrite,verb,communication,0.930,communication
rhetoric,noun,communication,0.970,communication
rhetorical,adjective,communication,0.970,communication
rhetorically,adverb,communication,0.980,communication
rhinoceros,noun,animals,1.000,animals
rhyme,verb,communication,0.580,communication
rhythm,noun,entertainment,0.570,entertainment
rhythmic,adjective,general,0.700,general
rib,noun,body,0.950,body
ribbon,noun,shopping,0.940,shopping
rice,noun,food,1.000,food
rich,adjective,business,0.770,business
rickety,adjective,general,0.790,general
rid,verb,general,0.990,general
riddle,noun,entertainment,0.620,entertainment
riddle,verb,communication,0.600,communication
ride,noun,travel,0.990,travel
ride,verb,travel,0.990,travel
rider,noun,travel,0.730,travel
ridge,noun,nature,1.000,nature
ridiculous,adjective,general,0.720,general
rife,adjective,general,0.940,general
rift,noun,nature,0.700,nature
right,adjective,general,0.980,general
right,adverb,general,1.000,general
right,noun,society,0.830,society
right-hand,adjective,body,0.690,body
righteousness,noun,feelings,0.510,feelings
rightly,adverb,general,0.990,general
rim,noun,general,0.550,general
ring,noun,shopping,0.920,shopping
ring,verb,communication,0.940,communication
rip,verb,general,0.660,general
ripe,adjective,food,0.970,food
rise,noun,general,0.590,general
rise,verb,general,0.820,general
risk,noun,general,0.810,general
risk,verb,general,0.890,general
risky,adjective,general,0.970,general
rite,noun,arts,0.990,arts
ritual,noun,arts,0.990,arts
rival,noun,general,0.330,business
river,noun,nature,1.000,nature
riveting,adjective,general,0.310,general
road,noun,travel,0.980,travel
roadside,noun,travel,0.940,travel
roam,noun,travel,0.850,travel
roar,verb,general,0.480,animals
roast,adjective,food,0.520,food
roast,verb,food,0.990,food
rob,verb,society,0.990,society
robbery,noun,society,1.000,society
robin,noun,animals,1.000,animals
robot,noun,technology,1.000,technology
robust,adjective,general,0.830,general
robustly,adverb,general,0.980,general
rock,noun,nature,1.000,nature
rock,verb,body,0.640,body
rocket,noun,science,0.540,science
rocky,adjective,nature,0.910,nature
role,noun,work,0.530,work
roll,noun,food,0.910,food
roll,verb,body,0.510,body
rolling,adjective,general,0.480,general
romance,noun,feelings,0.680,feelings
romantic,adjective,feelings,0.870,feelings
romp,verb,entertainment,0.590,entertainment
romper,noun,shopping,0.980,shopping
roof,noun,home,0.920,home
room,noun,home,1.000,home
room,verb,general,0.290,home
roommate,noun,home,0.790,home
root,noun,animals,0.580,animals
rope,noun,general,0.390,general
rose,noun,animals,0.970,animals
rosy,adjective,feelings,0.530,feelings
rotate,verb,general,0.680,general
rotten,adjective,food,0.700,food
rough,adjective,general,0.900,general
roughly,adverb,general,1.000,general
round,adjective,general,0.960,general
round,adverb,general,0.990,general
round,noun,general,0.700,general
round,preposition,general,1.000,general
round,verb,general,0.730,general
roundabout,noun,travel,0.690,travel
roundup,noun,animals,0.860,animals
route,noun,travel,1.000,travel
routine,noun,general,0.360,general
row,noun,general,0.660,general
row,verb,general,0.360,sports
royal,adjective,society,0.650,society
royalty,noun,society,0.910,society
rub,verb,body,0.810,body
rubber,noun,general,0.470,home
rubbish,noun,home,0.530,home
rubble,noun,city,0.750,city
rude,adjective,feelings,0.810,feelings
rudely,adverb,general,0.590,general
rudimentary,adjective,general,0.990,general
rudiments,noun,education,0.940,education
rug,noun,home,1.000,home
rugby,noun,sports,1.000,sports
ruin,noun,city,0.620,city
ruin,verb,general,0.920,general
ruinous,adjective,general,0.960,general
rule,noun,society,0.720,society
rule,verb,society,0.760,society
ruler,noun,education,0.610,education
rumble,noun,general,0.430,nature
rumble,verb,general,0.350,body
ruminant,adjective,animals,0.970,animals
ruminate,verb,feelings,0.870,feelings
rumination,noun,feelings,0.780,feelings
ruminative,adjective,feelings,0.980,feelings
rumor/rumour,noun,communication,0.970,communication
run,noun,general,0.400,sports
run,verb,body,0.740,body
runaway,noun,society,0.820,society
runner,noun,sports,0.960,sports
running,noun,sports,0.890,sports
runway,noun,travel,0.970,travel
rural,adjective,city,0.920,city
rush,noun,general,0.560,general
rush,verb,general,0.870,general
rush hour,noun,travel,0.910,travel
rustle,noun,nature,0.520,nature
rustle,verb,general,0.410,nature
rusty,adjective,general,0.880,general
ruthless,adjective,feelings,0.980,feelings
ruthlessness,noun,feelings,0.990,feelings
sack,verb,work,0.710,work
sacred,adjective,arts,0.920,arts
sacrifice,noun,general,0.330,arts
sacrifice,verb,general,0.500,general
sad,adjective,feelings,1.000,feelings
sadly,adverb,general,0.650,general
sadness,noun,feelings,1.000,feelings
safari,noun,travel,0.980,travel
safe,adjective,general,0.990,general
safeguard,noun,society,0.650,society
safeguard,verb,general,0.600,general
safely,adverb,general,0.990,general
safety,noun,general,0.600,general
sag,noun,general,0.440,general
sage,noun,general,0.200,feelings
sail,verb,travel,0.970,travel
sailing,noun,sports,0.500,sports
sailor,noun,work,0.940,work
sake,noun,general,0.400,food
salad,noun,food,1.000,food
salary,noun,work,0.510,work
sale,noun,shopping,0.770,shopping
salesman,noun,work,0.870,work
salesmanship,noun,business,0.930,business
salesperson,noun,work,0.890,work
saleswoman,noun,work,0.950,work
salivary,adjective,body,0.870,body
salivate,verb,body,0.760,body
salmon,noun,food,0.520,food
salon,noun,general,0.310,shopping
saloon,noun,city,0.680,city
salsa,noun,food,0.990,food
salt,noun,food,1.000,food
salty,adjective,food,0.960,food
salvage,verb,general,0.630,general
salvation,noun,arts,0.990,arts
salve,noun,health,1.000,health
same,adjective,general,1.000,general
same,adverb,general,1.000,general
same,pronoun,general,1.000,general
sample,noun,general,0.570,general
sanctity,noun,arts,0.940,arts
sand,noun,nature,1.000,nature
sandal,noun,shopping,1.000,shopping
sandstone,noun,nature,0.980,nature
sandwich,noun,food,1.000,food
sandwiched,adjective,general,0.890,general
sandy,adjective,nature,0.760,nature
sanitary,adjective,health,0.950,health
sanitation,noun,health,0.780,health
sap,noun,general,0.490,nature
sarcasm,noun,communication,0.980,communication
sarcastic,adjective,feelings,0.710,feelings
sarcastically,adverb,communication,0.780,communication
satellite,noun,science,0.710,science
satisfaction,noun,feelings,1.000,feelings
satisfactory,adjective,general,0.990,general
satisfied,adjective,feelings,0.990,feelings
satisfy,verb,general,0.650,general
sauce,noun,food,1.000,food
saucepan,noun,food,0.970,food
saucer,noun,food,0.560,food
sauna,noun,health,0.550,health
sausage,noun,food,1.000,food
save,verb,general,0.880,general
saving/savings,noun,business,1.000,business
saw,noun,home,0.500,home
saw,verb,body,0.600,body
say,noun,communication,0.910,communication
say,verb,communication,0.990,communication
scale,noun,general,0.910,general
scan,noun,technology,0.740,technology
scan,verb,technology,0.560,technology
scandal,noun,society,0.970,society
scar,noun,body,0.780,body
scarcely,adverb,general,1.000,general
scare,verb,feelings,0.970,feelings
scared,adjective,feelings,1.000,feelings
scarf,noun,shopping,1.000,shopping
scarlet,noun,general,0.410,general
scary,adjective,feelings,0.950,feelings
scathing,adjective,communication,0.610,communication
scatter,verb,general,0.860,general
scavenger,noun,animals,0.630,animals
scenario,noun,general,0.650,general
scene,noun,general,0.280,general
scenery,noun,nature,0.870,nature
scenic,adjective,nature,0.730,nature
scent,noun,body,0.980,body
schedule,noun,general,0.760,general
schedule,verb,general,0.610,general
scheduled,adjective,general,0.950,general
scheme,noun,general,0.380,society
scholar,noun,education,0.990,education
scholarly,adjective,education,0.960,education
scholarship,noun,education,0.980,education
scholasticism,noun,education,0.730,education
school,noun,education,1.000,education
schoolchild,noun,education,0.990,education
schoolgirl,noun,education,0.990,education
schoolmate,noun,education,0.910,education
schoolteacher,noun,education,0.900,education
schoolwork,noun,education,1.000,education
science,noun,science,0.960,science
science fiction,noun,arts,0.790,arts
scientific,adjective,science,0.770,science
scientifically,adverb,general,0.500,general
scientist,noun,work,0.620,work
scissors,noun,home,0.870,home
scoff,verb,communication,0.570,communication
scold,verb,communication,0.740,communication
scooter,noun,travel,1.000,travel
scope,noun,general,0.870,general
score,noun,sports,0.770,sports
score,verb,sports,0.720,sports
scorn,noun,feelings,1.000,feelings
scornful,adjective,feelings,1.000,feelings
scornfully,adverb,feelings,0.790,feelings
scramble,noun,sports,0.590,sports
scramble,verb,general,0.340,general
scratch,noun,body,0.750,body
scratch,verb,body,0.840,body
scream,noun,general,0.390,communication
scream,verb,general,0.420,body
screen,noun,technology,0.680,technology
screen,verb,general,0.430,work
screenplay,noun,entertainment,0.820,entertainment
screenwriter,noun,work,0.580,work
screw,noun,home,0.620,home
screw,verb,general,0.350,home
scribble,noun,communication,0.900,communication
script,noun,entertainment,0.520,entertainment
scroll,noun,arts,0.710,arts
scrooge,noun,feelings,0.920,feelings
scrutinize/scrutinise,verb,general,0.810,general
scrutiny,noun,general,0.410,general
scuba,noun,sports,0.860,sports
sculpture,noun,arts,1.000,arts
scythe,noun,work,0.520,work
sea,noun,nature,1.000,nature
seafood,noun,food,1.000,food
seal,noun,general,0.380,animals
search,noun,general,0.910,general
search,verb,general,0.980,general
seaside,noun,nature,0.780,nature
season,noun,nature,0.760,nature
seasonal,adjective,general,0.660,general
seat,noun,home,0.950,home
seawater,noun,nature,1.000,nature
seaweed,noun,food,0.550,food
second,adjective,general,1.000,general
second,adverb,general,1.000,general
second,noun,general,0.990,general
second,pronoun,general,1.000,general
second person,noun,communication,1.000,communication
second-hand,adjective,shopping,0.930,shopping
second-hand,adverb,communication,0.640,communication
secondary,adjective,general,0.990,general
secondary school,noun,education,1.000,education
secondly,adverb,general,0.890,general
secret,adjective,general,0.890,general
secret,noun,general,0.370,general
secretary,noun,work,1.000,work
secretly,adverb,general,0.980,general
section,noun,general,0.720,general
sector,noun,business,0.950,business
secular,adjective,arts,0.570,arts
secularly,adverb,general,0.350,general
secure,adjective,general,0.910,general
secure,verb,general,0.920,general
security,noun,society,0.950,society
sedate,adjective,feelings,0.930,feelings
sedate,verb,health,0.970,health
sedately,adverb,general,0.830,general
sedentary,adjective,health,0.830,health
see,verb,body,0.750,body
seed,noun,animals,0.540,animals
seedling,noun,animals,0.840,animals
seedy,adjective,city,0.550,city
seek,verb,general,0.990,general
seem,verb,general,0.940,general
seesaw,noun,general,0.330,sports
segment,noun,general,0.820,general
seismic,adjective,nature,0.830,nature
seize,verb,general,0.520,general
seldom,adverb,general,1.000,general
select,adjective,general,0.960,general
select,verb,general,0.980,general
selection,noun,general,0.780,general
selectivity,noun,general,0.680,general
self,noun,feelings,0.540,feelings
self-aggrandizement/self-aggrandisement,noun,feelings,0.850,feelings
self-confidence,noun,feelings,1.000,feelings
self-confident,adjective,feelings,1.000,feelings
self-conscious,adjective,feelings,1.000,feelings
self-service,adjective,shopping,0.940,shopping
self-worth,noun,feelings,0.970,feelings
selfish,adjective,feelings,1.000,feelings
selfless,adjective,feelings,1.000,feelings
sell,verb,business,0.900,business
seller,noun,business,0.630,business
semester,noun,education,1.000,education
semi-final,noun,sports,0.990,sports
semicolon,noun,communication,0.990,communication
seminar,noun,education,1.000,education
senator,noun,society,1.000,society
send,verb,communication,0.740,communication
senior,adjective,general,0.770,general
senior,noun,education,0.530,education
sensation,noun,body,0.780,body
sense,noun,body,0.870,body
sense,verb,body,0.660,body
sensible,adjective,feelings,0.620,feelings
sensitive,adjective,feelings,0.950,feelings
sentence,noun,communication,0.990,communication
sentence,verb,society,0.800,society
sentient,adjective,feelings,0.770,feelings
sentiment,noun,feelings,1.000,feelings
sentimental,adjective,feelings,1.000,feelings
sentimentally,adverb,feelings,0.980,feelings
separate,adjective,general,0.970,general
separate,verb,general,0.970,general
separately,adverb,general,1.000,general
separation,noun,family,0.890,family
sequel,noun,entertainment,0.680,entertainment
sequence,noun,general,0.960,general
serene,adjective,feelings,0.980,feelings
serial,adjective,general,0.850,general
series,noun,entertainment,0.550,entertainment
serious,adjective,feelings,0.570,feelings
seriously,adverb,general,0.990,general
servant,noun,work,0.900,work
serve,verb,food,0.570,food
server,noun,general,0.430,food
service,noun,work,0.530,work
service,verb,work,0.770,work
session,noun,education,0.710,education
set,noun,general,0.910,general
set,verb,general,0.980,general
setback,noun,general,0.750,general
settee,noun,home,1.000,home
setting,noun,general,0.290,general
settle,verb,general,0.800,general
settlement,noun,general,0.490,city
settler,noun,society,0.570,society
seven,number,general,1.000,general
seventeen,number,general,1.000,general
seventy,number,general,1.000,general
several,determiner,general,1.000,general
several,pronoun,general,1.000,general
severe,adjective,general,0.980,general
severely,adverb,general,1.000,general
sew,verb,home,0.750,home
sex,noun,general,0.390,family
sexism,noun,society,1.000,society
sexual,adjective,general,0.400,body
sexy,adjective,body,0.970,body
shabby,adjective,general,0.770,general
shade,noun,nature,0.830,nature
shadow,noun,nature,0.730,nature
shadow,verb,general,0.470,general
shadowy,adjective,general,0.890,general
shake,noun,general,0.430,food
shake,verb,body,0.850,body
shaken,adjective,feelings,0.980,feelings
shaky,adjective,general,0.450,general
shall,modal auxiliary,general,0.940,general
shallow,adjective,general,0.890,general
shamble,verb,body,0.960,body
shambles,noun,general,0.780,general
shame,noun,feelings,1.000,feelings
shameful,adjective,feelings,0.970,feelings
shampoo,noun,general,0.430,home
shape,noun,general,0.710,general
shape,verb,general,0.860,general
share,noun,business,0.950,business
share,verb,general,0.850,general
sharp,adjective,general,0.960,general
sharp,adverb,general,1.000,general
sharply,adverb,general,1.000,general
shatter,verb,general,0.680,general
shave,verb,body,0.980,body
she,pronoun,general,1.000,general
sheaf,noun,nature,0.580,nature
shed,noun,home,0.810,home
shed,verb,body,0.640,body
sheep,noun,animals,1.000,animals
sheer,adjective,general,0.930,general
sheet,noun,home,0.990,home
shelf,noun,home,1.000,home
shell,noun,nature,0.600,nature
shell,verb,general,0.430,society
shelter,noun,home,0.760,home
sheriff,noun,society,0.990,society
shield,noun,society,0.520,society
shift,noun,work,0.980,work
shift,verb,general,0.500,general
shimmer,verb,general,0.430,body
shine,verb,general,0.530,general
shiny,adjective,general,0.830,general
ship,noun,travel,1.000,travel
ship,verb,general,0.340,travel
shipping,noun,business,0.940,business
shipwreck,noun,travel,0.540,travel
shirt,noun,shopping,1.000,shopping
shiver,verb,body,0.900,body
shoal,noun,animals,0.640,animals
shock,noun,feelings,0.930,feelings
shock,verb,feelings,0.910,feelings
shocked,adjective,feelings,1.000,feelings
shocking,adjective,feelings,0.660,feelings
shoe,noun,shopping,1.000,shopping
shoot,verb,general,0.240,society
shooting,noun,sports,0.520,sports
shop,noun,shopping,0.980,shopping
shop,verb,shopping,1.000,shopping
shop assistant,noun,work,0.750,work
shopkeeper,noun,work,0.590,work
shoplift,verb,society,0.630,society
shoplifter,noun,society,0.760,society
shoplifting,noun,society,0.830,society
shopper,noun,shopping,1.000,shopping
shopping,noun,shopping,1.000,shopping
shore,noun,nature,1.000,nature
short,adjective,general,0.950,general
short,adverb,general,1.000,general
short-term,adjective,general,0.940,general
short/shorts,noun,shopping,0.980,shopping
shortage,noun,general,0.440,general
shortlist,noun,work,0.940,work
shortlist,verb,work,0.960,work
shortly,adverb,general,1.000,general
shortness,noun,general,0.430,health
shot,noun,general,0.260,sports
should,modal auxiliary,general,0.960,general
shoulder,noun,body,1.000,body
shout,noun,communication,0.960,communication
shout,verb,communication,0.980,communication
show,noun,entertainment,0.940,entertainment
show,verb,general,0.490,general
showbiz,noun,entertainment,0.990,entertainment
showcase,noun,general,0.260,shopping
shower,noun,home,0.650,home
shower,verb,general,0.430,home
showy,adjective,general,0.710,general
shrimp,noun,food,0.810,food
shrink,noun,health,0.900,health
shrink,verb,body,0.560,body
shrug,verb,body,0.830,body
shut,adjective,general,0.870,general
shut,verb,general,0.780,general
shy,adjective,feelings,1.000,feelings
sick,adjective,health,1.000,health
sickness,noun,health,1.000,health
side,noun,general,0.790,general
side-step,verb,general,0.360,body
sidewalk,noun,city,0.980,city
sigh,noun,feelings,0.790,feelings
sigh,verb,feelings,0.730,feelings
sight,noun,body,0.990,body
sightseeing,noun,travel,1.000,travel
sign,noun,general,0.370,city
sign,verb,communication,0.810,communication
signal,noun,communication,0.870,communication
signal,verb,communication,0.980,communication
signature,noun,communication,0.620,communication
significance,noun,general,0.750,general
significant,adjective,general,1.000,general
significantly,adverb,general,1.000,general
signify,verb,communication,0.780,communication
signpost,noun,travel,0.990,travel
silence,noun,communication,0.890,communication
silent,adjective,general,0.460,general
silently,adverb,general,0.920,general
silhouette,noun,arts,0.990,arts
silk,noun,shopping,0.920,shopping
silly,adjective,feelings,0.630,feelings
silver,adjective,general,0.720,general
silver,noun,general,0.410,nature
silverware,noun,food,0.620,food
similar,adjective,general,1.000,general
similarity,noun,general,0.880,general
similarly,adverb,general,0.990,general
simple,adjective,general,1.000,general
simplicity,noun,general,0.460,general
simplification,noun,general,0.600,general
simplify,verb,general,0.920,general
simply,adverb,general,1.000,general
simultaneous,adjective,general,1.000,general
simultaneously,adverb,general,1.000,general
since,adverb,general,1.000,general
since,conjunction,general,1.000,general
since,preposition,general,1.000,general
sincere,adjective,feelings,0.990,feelings
sincerity,noun,feelings,1.000,feelings
sing,verb,entertainment,0.860,entertainment
singe,verb,general,0.290,general
singer,noun,entertainment,0.710,entertainment
singing,noun,entertainment,0.860,entertainment
single,adjective,general,0.770,general
single,noun,family,0.580,family
singular,adjective,general,0.860,general
singular,noun,communication,0.880,communication
sink,noun,home,0.990,home
sink,verb,general,0.320,general
sir,noun,communication,0.690,communication
sister,noun,family,1.000,family
sister-in-law,noun,family,1.000,family
sit,verb,body,0.760,body
site,noun,city,0.910,city
sitting room,noun,home,1.000,home
situation,noun,general,0.960,general
six,number,general,1.000,general
sixteen,number,general,1.000,general
sixty,number,general,1.000,general
size,noun,shopping,0.550,shopping
skate,noun,sports,0.980,sports
skate,verb,sports,0.960,sports
skateboard,noun,sports,0.940,sports
skateboarder,noun,sports,0.950,sports
skateboarding,noun,sports,0.930,sports
skating,noun,sports,0.970,sports
skeleton,noun,body,1.000,body
sketch,noun,arts,1.000,arts
sketch,verb,arts,0.970,arts
sketchbook,noun,arts,1.000,arts
skew,verb,general,0.920,general
ski,noun,sports,1.000,sports
ski,verb,sports,1.000,sports
skiing,noun,sports,1.000,sports
skill,noun,general,0.350,general
skilled,adjective,work,0.590,work
skillful/skilful,adjective,general,0.800,general
skillfully/skilfully,adverb,general,0.990,general
skim,verb,education,0.660,education
skin,noun,body,1.000,body
skip,verb,body,0.540,body
skirt,noun,shopping,1.000,shopping
sky,noun,nature,1.000,nature
skylark,noun,animals,1.000,animals
skyscraper,noun,city,1.000,city
skyward,adverb,general,0.820,general
slab,noun,general,0.200,nature
slack,adjective,general,0.850,general
slack,noun,general,0.420,general
slack,verb,work,0.560,work
slackly,adverb,general,0.930,general
slam,verb,body,0.700,body
slang,noun,communication,1.000,communication
slap,noun,body,0.950,body
slap,verb,body,0.980,body
slash,noun,general,0.470,communication
slaughter,noun,society,0.530,society
slave,noun,society,0.910,society
slavery,noun,society,0.990,society
sleep,noun,general,0.400,health
sleep,verb,body,0.500,body
sleepless,adjective,health,0.640,health
sleepy,adjective,feelings,0.850,feelings
sleeve,noun,shopping,1.000,shopping
slice,noun,food,0.990,food
slice,verb,food,0.920,food
slide,noun,general,0.190,entertainment
slide,verb,body,0.500,body
slight,adjective,general,0.940,general
slight,noun,general,0.450,general
slightly,adverb,general,1.000,general
slim,adjective,body,0.990,body
slip,noun,general,0.330,general
slip,verb,body,0.510,body
slither,verb,body,0.590,body
sliver,noun,general,0.530,general
slob,noun,feelings,0.800,feelings
slogan,noun,business,0.870,business
slope,noun,nature,0.930,nature
sloppy,adjective,general,0.740,general
slot,noun,general,0.700,general
slow,adjective,general,1.000,general
slow,adverb,general,1.000,general
slow,verb,general,0.960,general
slowly,adverb,general,1.000,general
small,adjective,general,1.000,general
smart,adjective,general,0.480,feelings
smash,verb,general,0.460,body
smattering,noun,communication,0.650,communication
smell,noun,body,1.000,body
smell,verb,body,1.000,body
smile,noun,body,0.630,body
smile,verb,body,0.650,body
smith,noun,work,1.000,work
smoke,noun,nature,0.860,nature
smoke,verb,general,0.490,health
smoker,noun,health,0.820,health
smokestack,noun,city,0.840,city
smoking,noun,health,0.890,health
smooth,adjective,general,0.940,general
smoothly,adverb,general,1.000,general
smug,adjective,feelings,1.000,feelings
smugly,adverb,feelings,0.920,feelings
snack,noun,food,1.000,food
snail,noun,animals,1.000,animals
snake,noun,animals,1.000,animals
snap,verb,general,0.460,body
sneak,verb,body,0.540,body
sneer,noun,feelings,0.690,feelings
sneeze,noun,body,0.610,body
sneeze,verb,body,0.670,body
sniff,verb,body,1.000,body
snippet,noun,communication,0.880,communication
snobbery,noun,feelings,0.800,feelings
snooze,verb,body,0.670,body
snore,noun,body,0.880,body
snore,verb,body,0.870,body
snow,noun,nature,1.000,nature
snow,verb,nature,0.660,nature
snowball,noun,nature,0.940,nature
snowboard,noun,sports,1.000,sports
snowboarding,noun,sports,1.000,sports
snowstorm,noun,nature,1.000,nature
snowy,adjective,nature,0.990,nature
so,adverb,general,1.000,general
so,conjunction,general,1.000,general
so-called,adjective,general,0.700,general
soak,noun,general,0.420,home
soak,verb,general,0.320,home
soaked,adjective,general,0.670,general
soaking,adjective,general,0.380,general
soap,noun,home,0.920,home
soap opera,noun,entertainment,1.000,entertainment
soar,verb,general,0.180,general
sob,verb,feelings,0.880,feelings
soccer,noun,sports,1.000,sports
sociable,adjective,feelings,0.970,feelings
social,adjective,society,0.670,society
social networking,noun,technology,0.880,technology
socialization,noun,society,0.790,society
socialize/socialise,verb,general,0.350,family
socially,adverb,society,0.520,society
society,noun,society,0.990,society
sock,noun,shopping,1.000,shopping
soda,noun,food,1.000,food
sofa,noun,home,1.000,home
soft,adjective,general,0.980,general
soft drink,noun,food,1.000,food
softly,adverb,general,0.980,general
softness,noun,general,0.480,feelings
software,noun,technology,1.000,technology
soil,noun,nature,1.000,nature
soil,verb,general,0.410,nature
solar,adjective,nature,0.530,nature
soldier,noun,society,0.950,society
solicit,verb,business,0.590,business
solid,adjective,general,0.960,general
solidity,noun,general,0.650,general
soliloquize,verb,communication,0.630,communication
soliloquy,noun,arts,0.960,arts
solipsism,noun,arts,0.590,arts
solitariness,noun,feelings,0.990,feelings
solitary,adjective,feelings,0.850,feelings
solitary,noun,feelings,0.760,feelings
solitude,noun,feelings,0.990,feelings
solo,adjective,general,0.700,general
solo,adverb,general,0.900,general
solo,noun,entertainment,0.710,entertainment
solution,noun,general,0.590,general
solve,verb,general,0.670,general
solvent,noun,science,0.950,science
somber/sombre,adjective,feelings,0.970,feelings
somberly/sombrely,adverb,feelings,0.790,feelings
some,determiner,general,1.000,general
some,pronoun,general,1.000,general
somebody,pronoun,general,1.000,general
someday,adverb,general,1.000,general
somehow,adverb,general,1.000,general
someone,pronoun,general,1.000,general
someplace,adverb,general,0.930,general
somersault,noun,sports,0.720,sports
somersault,verb,sports,0.510,sports
something,pronoun,general,1.000,general
sometime,adverb,general,1.000,general
sometimes,adverb,general,1.000,general
somewhat,adverb,general,1.000,general
somewhere,adverb,general,0.990,general
son,noun,family,1.000,family
son-in-law,noun,family,1.000,family
song,noun,entertainment,0.980,entertainment
sonnet,noun,arts,0.990,arts
soon,adverb,general,1.000,general
soothe,verb,feelings,0.980,feelings
sophisticated,adjective,general,0.720,general
sophomore,noun,education,1.000,education
sore,adjective,health,0.720,health
sorrow,noun,feelings,1.000,feelings
sorry,adjective,feelings,0.960,feelings
sort,noun,general,0.950,general
sort,verb,general,0.950,general
soul,noun,feelings,0.590,feelings
sound,adjective,general,0.760,general
sound,noun,general,0.390,body
sound,verb,general,0.400,communication
soundtrack,noun,entertainment,1.000,entertainment
soup,noun,food,1.000,food
sour,adjective,food,0.980,food
source,noun,general,0.450,communication
south,adjective,general,0.390,travel
south,adverb,travel,0.550,travel
south,noun,travel,0.740,travel
southeast,adjective,travel,0.600,travel
southeast,noun,travel,0.870,travel
southern,adjective,general,0.460,general
southward,adverb,travel,0.750,travel
southwest,adjective,general,0.470,travel
southwest,noun,travel,0.810,travel
souvenir,noun,travel,1.000,travel
soybean,noun,food,0.880,food
spa,noun,health,0.680,health
space,noun,general,0.520,general
spaceship,noun,science,0.540,science
spacious,adjective,general,0.710,general
spaghetti,noun,food,1.000,food
span,verb,general,0.970,general
spare,adjective,general,0.900,general
spare,verb,general,0.950,general
sparerib,noun,food,1.000,food
spark,noun,science,0.640,science
sparkle,noun,body,0.530,body
sparkling,adjective,general,0.710,general
sparrow,noun,animals,1.000,animals
spartan,adjective,feelings,0.670,feelings
spatial,adjective,general,0.690,general
spatially,adverb,general,0.960,general
speak,verb,communication,1.000,communication
speaker,noun,communication,0.940,communication
special,adjective,general,1.000,general
specialist,noun,work,0.980,work
specialize/specialise,verb,work,0.850,work
specially,adverb,general,1.000,general
specialty,noun,work,0.860,work
species,noun,general,0.460,science
specific,adjective,general,0.990,general
specifically,adverb,general,0.970,general
specification,noun,general,0.440,technology
specify,verb,communication,0.750,communication
specimen,noun,science,0.890,science
spectacle,noun,entertainment,0.700,entertainment
spectacular,adjective,general,0.930,general
spectator,noun,sports,0.870,sports
speculate,verb,general,0.510,general
speculation,noun,business,0.640,business
speculative,adjective,general,0.580,general
speech,noun,communication,1.000,communication
speed,noun,general,0.480,general
speed,verb,general,0.580,general
speeder,noun,travel,0.550,travel
spell,noun,communication,0.580,communication
spell,verb,communication,0.650,communication
spellbound,adjective,feelings,0.990,feelings
spelling,noun,communication,0.540,communication
spend,verb,business,0.760,business
sphere,noun,science,0.660,science
spice,noun,food,1.000,food
spicy,adjective,food,1.000,food
spider,noun,animals,1.000,animals
spill,verb,general,0.530,general
spin,verb,general,0.430,body
spinach,noun,food,1.000,food
spiral,adjective,general,0.910,general
spire,noun,city,0.990,city
spirit,noun,feelings,0.610,feelings
spiritual,adjective,arts,0.760,arts
spite,noun,feelings,1.000,feelings
splash,noun,nature,0.600,nature
splash,verb,general,0.490,body
splatter,noun,general,0.250,arts
splatter,verb,general,0.390,body
splinter,verb,general,0.260,nature
split,adjective,general,0.690,general
split,noun,general,0.560,general
split,verb,general,0.940,general
spoil,verb,general,0.710,general
spokesman,noun,society,0.560,society
spokeswoman,noun,general,0.390,society
sponge,noun,home,0.980,home
sponsor,noun,business,0.970,business
sponsor,verb,business,0.990,business
sponsorship,noun,business,0.980,business
spontaneity,noun,feelings,0.980,feelings
spontaneous,adjective,general,0.720,general
spontaneously,adverb,general,0.990,general
spoon,noun,food,0.910,food
sport,noun,sports,1.000,sports
sports,adjective,sports,0.860,sports
sports center/sports centre,noun,sports,0.850,sports
sportsmanship,noun,sports,0.850,sports
spot,noun,general,0.420,city
spot,verb,general,0.740,general
sprawl,noun,city,0.870,city
sprawl,verb,body,0.860,body
spray,noun,general,0.420,home
spray,verb,general,0.470,general
spread,noun,food,0.980,food
spread,verb,general,0.800,general
spreadsheet,noun,technology,0.940,technology
spring,noun,nature,0.860,nature
sprint,noun,sports,0.950,sports
sprout,noun,animals,0.630,animals
sprout,verb,general,0.440,nature
spur,noun,general,0.420,sports
spurious,adjective,general,0.890,general
spuriously,adverb,general,0.780,general
spy,noun,society,0.910,society
squad,noun,sports,0.580,sports
squander,verb,business,0.620,business
square,adjective,general,0.800,general
square,noun,city,0.840,city
squash,noun,food,0.930,food
squash,verb,general,0.380,body
squeeze,verb,body,0.760,body
squint,verb,body,1.000,body
squirm,verb,body,0.920,body
squirmy,adjective,body,0.520,body
stab,verb,general,0.480,body
stability,noun,general,0.590,general
stabilize/stabilise,verb,general,0.950,general
stable,adjective,general,0.950,general
staccato,adjective,general,0.300,entertainment
staccato,adverb,general,0.390,communication
stack,noun,general,0.640,general
stadium,noun,sports,0.940,sports
staff,noun,work,1.000,work
stage,noun,arts,0.730,arts
stagger,noun,body,0.700,body
stagger,verb,body,0.930,body
staggering,adjective,general,0.910,general
stain,noun,home,0.810,home
stain,verb,home,0.530,home
stair,noun,home,0.870,home
stake,noun,business,0.600,business
stall,noun,shopping,0.590,shopping
stamina,noun,general,0.480,sports
stammer,verb,communication,0.990,communication
stamp,noun,communication,0.870,communication
stamp,verb,body,0.610,body
stand,noun,general,0.360,general
stand,verb,body,0.800,body
standard,adjective,general,1.000,general
standard,noun,general,0.880,general
standby,adjective,general,0.700,general
standing,noun,general,0.360,society
standstill,noun,general,0.680,general
stanza,noun,arts,0.950,arts
staple,noun,general,0.400,food
star,noun,science,0.610,science
star,verb,entertainment,0.610,entertainment
stare,verb,body,0.920,body
start,noun,general,0.980,general
start,verb,general,1.000,general
startle,verb,feelings,0.860,feelings
startling,adjective,feelings,0.600,feelings
startlingly,adverb,general,0.970,general
starvation,noun,food,0.570,food
starve,verb,food,0.950,food
starving,adjective,food,0.890,food
state,adjective,general,0.360,feelings
state,noun,society,0.740,society
state,verb,communication,0.960,communication
stately,adjective,general,0.680,general
statement,noun,communication,0.990,communication
statesman,noun,society,1.000,society
statewide,adverb,general,0.470,general
station,noun,travel,0.860,travel
statistics,noun,science,0.960,science
statue,noun,arts,0.990,arts
status,noun,society,0.770,society
stay,noun,travel,0.830,travel
stay,verb,general,0.870,general
steadily,adverb,general,1.000,general
steady,adjective,general,0.910,general
steak,noun,food,1.000,food
steal,verb,society,0.920,society
steam,noun,nature,0.510,nature
steel,noun,general,0.340,nature
steely,adjective,feelings,0.990,feelings
steep,adjective,nature,0.750,nature
steer,verb,travel,0.660,travel
steering wheel,noun,travel,1.000,travel
stem,verb,general,0.400,general
step,noun,body,0.580,body
step,verb,body,0.780,body
stepfather,noun,family,1.000,family
stepmother,noun,family,1.000,family
stereotype,noun,society,0.900,society
sterility,noun,health,0.800,health
stern,adjective,feelings,0.950,feelings
stew,noun,food,1.000,food
stick,noun,general,0.480,nature
stick,verb,general,0.760,general
sticker,noun,general,0.210,education
sticky,adjective,general,0.920,general
stiff,adjective,general,0.490,general
stiffen,verb,body,0.730,body
still,adjective,general,0.990,general
still,adverb,general,1.000,general
stimulant,noun,health,0.970,health
stimulate,verb,general,0.920,general
stimulation,noun,general,0.310,general
stimuli,noun,science,0.880,science
stingy,adjective,feelings,0.940,feelings
stink,verb,body,0.890,body
stipulate,verb,society,0.600,society
stipulation,noun,society,0.850,society
stir,verb,food,0.760,food
stitch,noun,shopping,0.500,shopping
stock,noun,business,0.780,business
stock,verb,business,0.780,business
stock market,noun,business,1.000,business
stockpile,noun,business,0.760,business
stoicism,noun,feelings,0.860,feelings
stoke,verb,general,0.420,home
stomach,noun,body,1.000,body
stomachache,noun,health,1.000,health
stone,noun,nature,0.970,nature
stonework,noun,city,0.810,city
stool,noun,home,1.000,home
stop,noun,travel,0.670,travel
stop,verb,general,0.970,general
stopover,noun,travel,1.000,travel
stopwatch,noun,general,0.470,sports
storage,noun,home,0.800,home
store,noun,shopping,0.970,shopping
store,verb,general,0.430,general
storm,noun,nature,1.000,nature
stormy,adjective,nature,0.970,nature
story,noun,arts,0.500,arts
storyteller,noun,arts,0.700,arts
stove,noun,general,0.480,home
straight,adjective,general,0.960,general
straight,adverb,general,0.990,general
straighten,verb,general,0.490,body
straightforward,adjective,general,0.800,general
strain,noun,general,0.380,body
strain,verb,body,0.690,body
strait,noun,nature,0.920,nature
strand,noun,nature,0.940,nature
strange,adjective,general,0.990,general
strangely,adverb,general,1.000,general
stranger,noun,family,0.750,family
strangle,verb,body,0.710,body
strap,noun,shopping,0.900,shopping
strap,verb,general,0.320,general
strapping,adjective,body,0.980,body
strategic,adjective,general,0.690,general
strategy,noun,general,0.580,general
stratosphere,noun,science,0.550,science
straw,noun,food,0.740,food
strawberry,noun,food,1.000,food
stray,adjective,general,0.710,general
stray,noun,animals,0.910,animals
stray,verb,general,0.390,general
stream,noun,nature,1.000,nature
stream,verb,general,0.330,communication
street,noun,city,1.000,city
strength,noun,body,0.530,body
strengthen,verb,general,0.870,general
stress,noun,feelings,0.740,feelings
stress,verb,communication,0.630,communication
stressed,adjective,feelings,0.970,feelings
stressful,adjective,feelings,0.820,feelings
stressfully,adverb,feelings,0.680,feelings
stretch,verb,body,0.910,body
stretching,noun,sports,0.520,sports
stricken,adjective,health,0.820,health
strict,adjective,general,0.490,general
strictly,adverb,general,1.000,general
stride,verb,body,0.940,body
strike,noun,work,0.850,work
strike,verb,general,0.370,work
striking,adjective,general,0.870,general
string,noun,general,0.560,general
stringent,adjective,general,0.650,general
stringently,adverb,general,0.970,general
strip,noun,general,0.520,general
strip,verb,body,0.660,body
stripe,noun,shopping,0.570,shopping
strive,verb,general,0.670,general
stroke,noun,general,0.390,health
stroke,verb,body,0.880,body
strong,adjective,general,0.820,general
strongly,adverb,general,0.990,general
structural,adjective,general,0.880,general
structurally,adverb,general,0.950,general
structure,noun,general,0.400,city
struggle,noun,general,0.670,general
struggle,verb,general,0.840,general
stubborn,adjective,feelings,0.990,feelings
stubbornly,adverb,feelings,0.500,feelings
stuck,adjective,general,0.970,general
student,noun,education,1.000,education
studio,noun,entertainment,0.550,entertainment
study,noun,education,0.970,education
study,verb,education,1.000,education
stuff,noun,general,0.850,general
stuff,verb,general,0.930,general
stuffed,adjective,food,0.620,food
stuffily,adverb,feelings,0.820,feelings
stuffiness,noun,general,0.350,feelings
stuffy,adjective,general,0.380,general
stultify,verb,general,0.720,general
stultifyingly,adverb,general,0.890,general
stumble,verb,body,0.920,body
stun,verb,feelings,0.650,feelings
stunning,adjective,body,0.590,body
stupid,adjective,feelings,0.800,feelings
style,noun,general,0.330,shopping
stylish,adjective,shopping,0.880,shopping
stylist,noun,work,0.650,work
stylistic,adjective,communication,0.800,communication
stylistically,adverb,communication,0.680,communication
subconscious,adjective,feelings,0.810,feelings
subcontinent,noun,city,0.950,city
subculture,noun,society,0.850,society
subdivision,noun,city,0.900,city
subject,noun,education,0.980,education
subjunctive,noun,communication,0.990,communication
submarine,noun,travel,0.890,travel
submit,verb,general,0.460,general
subordinate,noun,work,0.970,work
subplot,noun,arts,0.850,arts
subside,verb,nature,0.550,nature
subsidize,verb,business,0.810,business
subsidy,noun,business,0.780,business
subsist,verb,food,0.740,food
subsistence,noun,food,0.640,food
substance,noun,general,0.470,general
substantial,adjective,general,1.000,general
substantially,adverb,general,1.000,general
substantiate,verb,communication,0.860,communication
substitute,noun,general,0.700,general
substitute,verb,general,0.940,general
subtitle,noun,communication,0.660,communication
subtle,adjective,general,0.950,general
subtly,adverb,general,0.990,general
subtract,verb,science,0.650,science
suburb,noun,city,1.000,city
suburban,adjective,city,0.990,city
suburbia,noun,city,0.940,city
subway,noun,travel,0.950,travel
succeed,verb,general,0.870,general
success,noun,general,0.540,general
successful,adjective,general,0.870,general
successfully,adverb,general,1.000,general
succession,noun,society,0.770,society
successive,adjective,general,1.000,general
succulent,adjective,general,0.370,food
succulent,noun,animals,0.810,animals
succulently,adverb,food,0.950,food
succumb,verb,health,0.520,health
such,determiner,general,1.000,general
such,pronoun,general,1.000,general
suck,verb,body,0.840,body
sudden,adjective,general,1.000,general
suddenly,adverb,general,1.000,general
suds,noun,home,0.970,home
sue,verb,society,1.000,society
suffer,verb,general,0.420,health
suffering,noun,feelings,0.860,feelings
suffice,verb,general,0.990,general
sufficient,adjective,general,1.000,general
sufficiently,adverb,general,1.000,general
suffix,noun,communication,0.990,communication
suffuse,verb,general,0.420,general
sugar,noun,food,1.000,food
suggest,verb,communication,0.790,communication
suggestion,noun,communication,0.920,communication
suicide,noun,health,0.810,health
suit,noun,shopping,0.990,shopping
suit,verb,general,0.740,general
suitable,adjective,general,1.000,general
suitably,adverb,general,1.000,general
suitcase,noun,travel,1.000,travel
suitor,noun,family,0.970,family
sulfur/sulphur,noun,science,0.960,science
sulphur,noun,science,0.940,science
sulphuric,adjective,science,0.990,science
sum,noun,general,0.460,science
summarily,adverb,general,0.840,general
summarize/summarise,verb,communication,0.630,communication
summary,noun,communication,0.830,communication
summer,noun,nature,0.550,nature
summit,noun,nature,0.910,nature
sun,noun,nature,0.980,nature
sunbathe,verb,general,0.310,body
sunbeam,noun,nature,1.000,nature
sundial,noun,general,0.660,general
sunflower,noun,animals,0.970,animals
sunglasses,noun,shopping,0.990,shopping
sunlight,noun,nature,1.000,nature
sunny,adjective,nature,0.980,nature
sunrise,noun,nature,0.940,nature
sunset,noun,nature,0.980,nature
sunshine,noun,nature,1.000,nature
super,adjective,general,1.000,general
superb,adjective,general,0.990,general
superficial,adjective,feelings,0.500,feelings
superficially,adverb,general,0.970,general
superfluous,adjective,general,0.990,general
superfluously,adverb,general,0.940,general
superintendent,noun,education,0.900,education
superior,adjective,general,0.940,general
superlative,noun,communication,0.970,communication
supermarket,noun,shopping,0.850,shopping
supernatural,adjective,arts,0.650,arts
superstar,noun,entertainment,1.000,entertainment
superstition,noun,arts,0.860,arts
supervise,verb,work,0.990,work
supervision,noun,work,0.960,work
supervisor,noun,work,1.000,work
supper,noun,food,1.000,food
supple,adjective,body,0.590,body
supplement,noun,general,0.410,health
supplier,noun,business,1.000,business
supply,noun,business,0.940,business
supply,verb,business,0.860,business
support,noun,general,0.740,general
support,verb,general,0.940,general
supporter,noun,general,0.460,sports
supportive,adjective,feelings,0.920,feelings
suppose,verb,general,0.910,general
supposedly,adverb,general,0.940,general
suppress,verb,society,0.590,society
sure,adjective,general,0.850,general
sure,adverb,general,0.990,general
surely,adverb,general,1.000,general
surf,noun,nature,0.690,nature
surf,verb,sports,0.930,sports
surface,noun,general,0.510,general
surfing,noun,sports,0.960,sports
surge,noun,general,0.430,general
surge,verb,general,0.680,general
surgeon,noun,health,0.830,health
surgery,noun,health,1.000,health
surname,noun,family,0.860,family
surprise,noun,feelings,0.980,feelings
surprise,verb,feelings,0.740,feelings
surprised,adjective,feelings,1.000,feelings
surprising,adjective,general,0.850,general
surprisingly,adverb,general,1.000,general
surrealism,noun,arts,1.000,arts
surrealist,noun,arts,1.000,arts
surrender,verb,society,0.690,society
surreptitious,adjective,general,0.660,general
surreptitiously,adverb,general,0.950,general
surround,verb,general,0.940,general
surrounding,adjective,general,0.770,general
surroundings,noun,general,0.460,nature
surveillance,noun,society,0.990,society
survey,noun,general,0.390,society
survival,noun,general,0.370,general
survive,verb,general,0.830,general
survivor,noun,society,0.700,society
suspect,noun,society,1.000,society
suspect,verb,society,0.530,society
suspend,verb,general,0.740,general
suspension,noun,general,0.320,society
suspicion,noun,feelings,0.970,feelings
suspicious,adjective,feelings,0.980,feelings
suspiciously,adverb,general,0.740,general
sustain,verb,general,0.960,general
sustainable,adjective,nature,0.910,nature
sustainably,adverb,nature,0.800,nature
swallow,verb,body,0.720,body
swan,noun,animals,1.000,animals
swap,noun,general,0.770,general
swap,verb,general,0.940,general
swarm,noun,animals,0.960,animals
swear,verb,communication,0.920,communication
sweat,noun,body,0.980,body
sweat,verb,body,0.890,body
sweater,noun,shopping,1.000,shopping
sweatshirt,noun,shopping,1.000,shopping
sweep,verb,home,0.950,home
sweet,adjective,food,0.910,food
sweet,noun,food,0.960,food
sweetheart,noun,family,0.990,family
swell,verb,general,0.350,nature
swift,adjective,general,0.970,general
swim,noun,sports,0.800,sports
swim,verb,sports,0.570,sports
swimmer,noun,sports,0.980,sports
swimming,noun,sports,0.940,sports
swimming costume,noun,shopping,0.910,shopping
swimming pool,noun,sports,0.500,sports
swimsuit,noun,shopping,0.970,shopping
swing,noun,general,0.400,entertainment
swing,verb,body,0.630,body
switch,noun,technology,0.680,technology
switch,verb,general,0.880,general
swivel,verb,body,0.740,body
swollen,adjective,general,0.490,body
sword,noun,society,0.720,society
syllabic,adjective,communication,0.970,communication
syllable,noun,communication,0.980,communication
symbol,noun,communication,0.590,communication
symbolic,adjective,general,0.540,general
sympathetic,adjective,feelings,1.000,feelings
sympathize/sympathise,verb,feelings,1.000,feelings
sympathy,noun,feelings,1.000,feelings
symphony,noun,general,0.490,entertainment
symptom,noun,health,1.000,health
symptomatic,adjective,health,0.980,health
syndrome,noun,health,1.000,health
synonym,noun,communication,0.980,communication
synopsis,noun,communication,0.710,communication
synthesis,noun,science,0.610,science
synthetic,adjective,general,0.700,general
synthetically,adverb,general,0.520,general
system,noun,general,0.750,general
systematic,adjective,general,0.980,general
table,noun,home,1.000,home
table tennis,noun,sports,1.000,sports
tablecloth,noun,home,0.970,home
tablespoon,noun,food,0.990,food
tablet,noun,technology,0.850,technology
tabloid,adjective,entertainment,0.730,entertainment
tabloid,noun,entertainment,0.780,entertainment
tacit,adjective,communication,0.820,communication
tacitly,adverb,communication,0.620,communication
taciturn,adjective,feelings,0.870,feelings
taciturnity,noun,feelings,0.620,feelings
tack,verb,general,0.470,general
tackle,verb,general,0.330,sports
tact,noun,feelings,0.500,feelings
tactful,adjective,feelings,0.680,feelings
tactfully,adverb,communication,0.900,communication
tactic,noun,general,0.440,general
tactical,adjective,society,0.540,society
tactically,adverb,general,0.770,general
tactile,adjective,body,0.980,body
tag,noun,general,0.470,shopping
tail,noun,body,0.600,body
tailor,noun,work,0.830,work
tailor,verb,general,0.440,shopping
take,noun,general,0.650,general
take,verb,general,0.990,general
takeaway,noun,food,0.980,food
takeoff/take-off,noun,travel,1.000,travel
tale,noun,arts,0.670,arts
talent,noun,general,0.350,feelings
talented,adjective,feelings,0.500,feelings
talk,noun,communication,1.000,communication
talk,verb,communication,1.000,communication
talkative,adjective,feelings,0.640,feelings
tall,adjective,body,0.790,body
tame,adjective,animals,0.580,animals
tan,noun,body,0.520,body
tangle,noun,general,0.780,general
tangle,verb,general,0.800,general
tangled,adjective,general,0.970,general
tank,noun,general,0.470,travel
tanned,adjective,body,0.990,body
tantalize/tantalise,verb,feelings,0.810,feelings
tantalizingly/tantalisingly,adverb,general,0.870,general
tantamount,adjective,general,0.950,general
tantrum,noun,feelings,0.930,feelings
tap,noun,home,0.860,home
tap,verb,body,0.530,body
tape,noun,home,0.830,home
tape,verb,general,0.420,entertainment
target,noun,general,0.610,general
task,noun,work,0.990,work
taste,noun,food,0.810,food
taste,verb,food,0.850,food
taste-maker,noun,general,0.250,arts
tastebud,noun,body,0.920,body
tasteless,adjective,food,0.830,food
tasty,adjective,food,1.000,food
tatter,noun,shopping,0.770,shopping
tattoo,noun,body,0.980,body
taunt,noun,communication,0.850,communication
taut,adjective,general,0.940,general
tautly,adverb,general,0.960,general
tax,noun,business,0.630,business
taxi,noun,travel,1.000,travel
tea,noun,food,1.000,food
teach,verb,education,1.000,education
teacher,noun,education,0.980,education
teaching,noun,education,1.000,education
team,noun,sports,0.940,sports
teammate,noun,sports,0.990,sports
teamwork,noun,work,0.990,work
tear,noun,general,0.470,body
tear,verb,body,0.530,body
tease,noun,feelings,0.500,feelings
tease,verb,general,0.490,communication
teaspoon,noun,food,0.990,food
technical,adjective,general,0.570,general
technically,adverb,general,0.980,general
technique,noun,general,0.580,general
technological,adjective,technology,0.980,technology
technology,noun,technology,1.000,technology
tedious,adjective,general,0.650,general
tediously,adverb,general,0.960,general
tedium,noun,feelings,1.000,feelings
teem,verb,general,0.520,general
teen,noun,family,0.960,family
teenage,adjective,family,0.830,family
teenager,noun,family,0.990,family
telecommunications,noun,communication,0.550,communication
telegram,noun,communication,1.000,communication
telephone,noun,communication,0.850,communication
telephone,verb,communication,1.000,communication
telescope,noun,science,0.790,science
telescopic,adjective,technology,0.530,technology
telescopically,adverb,general,0.630,general
television,noun,entertainment,0.890,entertainment
tell,verb,communication,1.000,communication
teller,noun,business,0.630,business
telltale,adjective,general,0.860,general
temper,noun,feelings,1.000,feelings
temper,verb,feelings,0.620,feelings
temperament,noun,feelings,1.000,feelings
temperamental,adjective,feelings,1.000,feelings
temperamentally,adverb,feelings,0.980,feelings
temperate,adjective,general,0.490,nature
temperature,noun,nature,0.960,nature
temple,noun,arts,0.710,arts
temporarily,adverb,general,1.000,general
temporary,adjective,general,1.000,general
tempt,verb,feelings,0.530,feelings
temptation,noun,feelings,0.990,feelings
ten,number,general,1.000,general
tenacious,adjective,feelings,0.970,feelings
tenaciously,adverb,general,0.530,general
tenacity,noun,feelings,1.000,feelings
tend,verb,general,0.850,general
tendency,noun,general,0.680,general
tender,adjective,feelings,0.690,feelings
tenderly,adverb,feelings,0.750,feelings
tenderness,noun,feelings,1.000,feelings
tennis,noun,sports,1.000,sports
tense,adjective,feelings,0.520,feelings
tense,noun,communication,0.950,communication
tension,noun,feelings,0.970,feelings
tent,noun,travel,0.960,travel
term,noun,communication,0.780,communication
terminal,noun,travel,0.800,travel
terrace,noun,city,0.750,city
terrain,noun,nature,0.990,nature
terrible,adjective,general,0.920,general
terribly,adverb,general,0.990,general
terrific,adjective,general,0.830,general
terrified,adjective,feelings,1.000,feelings
terrify,verb,feelings,1.000,feelings
terrifying,adjective,feelings,0.990,feelings
territory,noun,city,0.880,city
terror,noun,feelings,0.990,feelings
terrorism,noun,society,1.000,society
terrorist,adjective,society,0.980,society
terrorist,noun,society,1.000,society
test,noun,education,1.000,education
test,verb,education,0.840,education
testament,noun,arts,0.720,arts
testify,verb,society,0.670,society
testimonial,noun,general,0.480,communication
testimony,noun,society,0.560,society
tetchy,adjective,feelings,1.000,feelings
text,noun,communication,0.970,communication
text,verb,communication,0.900,communication
text message,noun,communication,0.980,communication
textbook,noun,education,1.000,education
than,conjunction,general,1.000,general
than,preposition,general,1.000,general
thank,verb,communication,0.720,communication
thankful,adjective,feelings,1.000,feelings
thanks,noun,communication,0.820,communication
that,adverb,general,1.000,general
that,conjunction,general,0.990,general
that,determiner,general,1.000,general
that,pronoun,general,1.000,general
the,determiner,general,1.000,general
theater/theatre,noun,arts,0.930,arts
theft,noun,society,1.000,society
their,determiner,general,1.000,general
theirs,pronoun,general,1.000,general
them,pronoun,general,1.000,general
theme,noun,general,0.370,communication
themselves,pronoun,general,1.000,general
then,adverb,general,1.000,general
theorist,noun,science,0.720,science
theory,noun,science,0.840,science
therapist,noun,health,0.920,health
therapy,noun,health,1.000,health
there,adverb,general,1.000,general
thereafter,adverb,general,1.000,general
thereby,adverb,general,0.990,general
therefore,adverb,general,0.980,general
thermometer,noun,nature,0.600,nature
these,determiner,general,1.000,general
these,pronoun,general,1.000,general
thesis,noun,education,1.000,education
they,pronoun,general,1.000,general
thick,adjective,general,0.980,general
thicket,noun,nature,0.870,nature
thickly,adverb,general,1.000,general
thickness,noun,general,0.930,general
thief,noun,society,1.000,society
thigh,noun,body,1.000,body
thin,adjective,body,0.860,body
thing,noun,general,0.990,general
think,verb,general,0.860,general
thinker,noun,general,0.370,feelings
third,adjective,general,1.000,general
third person,noun,communication,1.000,communication
thirdly,adverb,general,0.940,general
thirst,noun,body,0.560,body
thirst,verb,general,0.460,body
thirsty,adjective,general,0.420,body
thirteen,number,general,1.000,general
thirty,number,general,1.000,general
this,determiner,general,1.000,general
this,pronoun,general,1.000,general
thorough,adjective,general,0.960,general
thoroughly,adverb,general,1.000,general
those,determiner,general,1.000,general
those,pronoun,general,1.000,general
though,adverb,general,1.000,general
though,conjunction,general,1.000,general
thought,noun,feelings,0.910,feelings
thoughtful,adjective,feelings,0.980,feelings
thoughtless,adjective,feelings,0.980,feelings
thousand,number,general,1.000,general
thread,noun,general,0.440,home
threat,noun,society,0.800,society
threaten,verb,general,0.400,society
threatening,adjective,feelings,0.550,feelings
three,number,general,1.000,general
thrill,noun,feelings,0.980,feelings
thrilled,adjective,feelings,1.000,feelings
thriller,noun,entertainment,0.500,entertainment
thrilling,adjective,feelings,0.980,feelings
throat,noun,body,1.000,body
through,adverb,general,1.000,general
through,preposition,general,1.000,general
throughout,preposition,general,1.000,general
throw,noun,sports,0.670,sports
throw,verb,body,0.510,body
thumb,noun,body,1.000,body
thump,verb,body,0.910,body
thunder,noun,nature,1.000,nature
thunderous,adjective,general,0.490,nature
thunderstorm,noun,nature,1.000,nature
thus,adverb,general,0.990,general
tick,noun,general,0.440,animals
tick,verb,general,0.680,general
ticket,noun,travel,0.890,travel
tickle,verb,body,0.970,body
tide,noun,nature,1.000,nature
tidy,adjective,general,0.480,home
tidy,verb,home,0.970,home
tie,noun,shopping,0.900,shopping
tie,verb,general,0.640,general
tiger,noun,animals,1.000,animals
tight,adjective,general,0.970,general
tight,adverb,general,0.990,general
tighten,verb,general,0.810,general
tightly,adverb,general,1.000,general
tightrope,noun,general,0.460,entertainment
tights,noun,shopping,1.000,shopping
tile,noun,home,0.990,home
till,conjunction,general,1.000,general
till,noun,general,0.420,business
till,preposition,general,1.000,general
time,noun,general,1.000,general
time,verb,general,0.970,general
timeless,adjective,general,0.910,general
timeliness,noun,general,0.570,general
timely,adjective,general,1.000,general
times,preposition,general,1.000,general
timetable,noun,education,0.580,education
timid,adjective,feelings,1.000,feelings
timidity,noun,feelings,1.000,feelings
timing,noun,general,1.000,general
tin,noun,general,0.350,food
tinker,noun,work,0.990,work
tinker,verb,work,0.770,work
tiny,adjective,general,1.000,general
tip,noun,general,0.270,business
tip,verb,general,0.440,communication
tiptoe,verb,body,0.990,body
tire,verb,general,0.490,body
tired,adjective,feelings,0.780,feelings
tiredness,noun,feelings,0.610,feelings
tiresome,adjective,feelings,0.540,feelings
tiring,adjective,general,0.510,general
tissue,noun,general,0.430,home
title,noun,communication,0.740,communication
to,infinitive-to,general,0.990,general
to,preposition,general,1.000,general
toast,noun,food,1.000,food
tobacco,noun,health,0.870,health
today,adverb,general,1.000,general
today,noun,general,1.000,general
toe,noun,body,1.000,body
toenail,noun,body,1.000,body
together,adverb,general,1.000,general
toil,verb,work,1.000,work
toilet,noun,home,0.990,home
tolerant,adjective,feelings,0.990,feelings
tolerate,verb,feelings,0.560,feelings
toll,noun,travel,0.730,travel
tomato,noun,food,1.000,food
tomb,noun,arts,0.670,arts
tomorrow,adverb,general,1.000,general
tomorrow,noun,general,1.000,general
ton,noun,general,1.000,general
tone,noun,communication,0.900,communication
tone,verb,communication,0.910,communication
tongue,noun,body,0.960,body
tonight,adverb,general,1.000,general
tonight,noun,general,1.000,general
too,adverb,general,1.000,general
tool,noun,work,0.580,work
tooth,noun,body,1.000,body
toothache,noun,health,0.990,health
toothbrush,noun,home,0.710,home
toothpaste,noun,home,0.560,home
top,adjective,general,0.980,general
top,noun,general,0.540,general
topic,noun,communication,0.640,communication
topographical,adjective,nature,0.810,nature
topographically,adverb,nature,0.570,nature
topography,noun,nature,0.930,nature
topple,verb,general,0.460,society
torch,noun,home,0.540,home
torment,noun,feelings,0.980,feelings
torment,verb,feelings,0.950,feelings
tornado,noun,nature,1.000,nature
torrential,adjective,nature,0.950,nature
tortoiseshell,noun,animals,0.520,animals
torture,verb,society,0.860,society
torturous,adjective,feelings,0.560,feelings
toss,verb,general,0.450,body
total,adjective,general,1.000,general
total,noun,general,0.960,general
totally,adverb,general,1.000,general
totemic,adjective,arts,0.970,arts
totter,verb,body,0.970,body
touch,noun,body,0.990,body
touch,verb,body,0.960,body
tough,adjective,general,0.560,general
toughness,noun,feelings,0.940,feelings
tour,noun,travel,1.000,travel
tour,verb,travel,1.000,travel
tour guide,noun,travel,0.830,travel
tourism,noun,travel,1.000,travel
tourist,noun,travel,1.000,travel
tournament,noun,sports,0.990,sports
toward/towards,preposition,general,1.000,general
towel,noun,home,1.000,home
tower,noun,city,1.000,city
town,noun,city,1.000,city
toxic,adjective,general,0.290,health
toy,noun,entertainment,0.730,entertainment
trace,noun,general,0.800,general
trace,verb,general,0.800,general
track,noun,travel,0.570,travel
track,verb,general,0.830,general
tracksuit,noun,shopping,0.820,shopping
tract,noun,general,0.410,nature
trade,noun,business,1.000,business
trade,verb,business,0.990,business
trader,noun,business,0.880,business
tradition,noun,arts,0.990,arts
traditional,adjective,arts,0.510,arts
traditionally,adverb,general,0.850,general
traffic,noun,travel,0.960,travel
traffic jam,noun,travel,0.980,travel
traffic light,noun,travel,0.900,travel
tragedy,noun,arts,0.960,arts
tragic,adjective,feelings,0.800,feelings
trail,noun,general,0.480,travel
trail,verb,general,0.440,travel
trailer,noun,travel,0.880,travel
train,noun,travel,1.000,travel
train,verb,education,0.770,education
trainee,noun,work,0.940,work
trainer,noun,general,0.330,sports
training,noun,education,0.840,education
trait,noun,feelings,1.000,feelings
traitor,noun,society,0.970,society
tram,noun,travel,0.990,travel
tramp,noun,society,0.850,society
trample,noun,general,0.440,body
trampoline,noun,sports,0.930,sports
tranquil,adjective,feelings,0.790,feelings
tranquility,noun,feelings,0.990,feelings
tranquilize/tranquilise,verb,health,0.990,health
transatlantic,adjective,travel,0.740,travel
transcript,noun,education,0.980,education
transfer,noun,general,0.310,travel
transfer,verb,general,0.790,general
transfix,verb,feelings,0.790,feelings
transform,verb,general,0.990,general
transformation,noun,general,0.910,general
transfusion,noun,health,1.000,health
transient,adjective,general,1.000,general
transistor,noun,technology,1.000,technology
transit,noun,travel,0.990,travel
transition,noun,general,0.950,general
transitional,adjective,general,0.990,general
transitive,adjective,communication,0.970,communication
translate,verb,communication,1.000,communication
translation,noun,communication,1.000,communication
translator,noun,work,0.690,work
transmission,noun,general,0.460,communication
transmit,verb,communication,0.760,communication
transmitter,noun,technology,0.870,technology
transparent,adjective,general,0.960,general
transport,noun,travel,0.990,travel
transport,verb,travel,0.980,travel
transportation,noun,travel,1.000,travel
trap,noun,general,0.450,animals
trash,noun,home,0.570,home
trauma,noun,health,0.970,health
traumatic,adjective,health,0.710,health
travel,noun,travel,1.000,travel
travel,verb,travel,1.000,travel
travel agent,noun,travel,0.590,travel
traveler/traveller,noun,travel,1.000,travel
traverse,noun,travel,0.690,travel
tray,noun,home,0.630,home
treacherous,adjective,feelings,0.650,feelings
treacherously,adverb,general,0.440,feelings
treachery,noun,society,0.800,society
tread,noun,travel,0.590,travel
tread,verb,body,0.780,body
treasure,noun,business,0.640,business
treat,noun,food,0.800,food
treat,verb,general,0.490,general
treatment,noun,health,1.000,health
treaty,noun,society,1.000,society
tree,noun,animals,0.830,animals
trek,noun,travel,0.980,travel
tremble,verb,body,0.630,body
tremendous,adjective,general,1.000,general
tremendously,adverb,general,1.000,general
tremor,noun,general,0.470,nature
trend,noun,general,0.580,general
trial,noun,society,0.980,society
triangle,noun,science,0.910,science
tribe,noun,society,0.830,society
trick,noun,entertainment,0.500,entertainment
trick,verb,general,0.630,general
tricky,adjective,general,0.890,general
trifle,noun,food,0.940,food
trifle,verb,general,0.430,feelings
trigger,noun,technology,0.720,technology
trim,noun,general,0.380,shopping
trio,noun,general,0.690,general
trip,noun,travel,1.000,travel
trip,verb,travel,0.570,travel
triumph,noun,feelings,0.670,feelings
trivial,adjective,general,1.000,general
trolley,noun,general,0.490,shopping
troop,noun,society,0.980,society
trophy,noun,sports,1.000,sports
tropic,adjective,nature,0.700,nature
tropical,adjective,nature,0.990,nature
trouble,noun,general,0.760,general
trouble,verb,general,0.890,general
troublesome,adjective,general,0.950,general
trousers,noun,shopping,1.000,shopping
truck,noun,travel,1.000,travel
true,adjective,general,0.980,general
truism,noun,communication,0.810,communication
truly,adverb,general,1.000,general
trumpet,noun,entertainment,0.760,entertainment
trunk,noun,travel,0.510,travel
trust,noun,feelings,0.980,feelings
trust,verb,feelings,0.840,feelings
trustworthy,adjective,feelings,0.930,feelings
trusty,adjective,feelings,0.730,feelings
truth,noun,general,0.470,communication
truthful,adjective,feelings,0.920,feelings
truthfulness,noun,feelings,0.950,feelings
try,noun,general,0.710,general
try,verb,general,1.000,general
trying,adjective,general,0.610,general
tub,noun,home,1.000,home
tube,noun,general,0.420,home
tuberculosis,noun,health,1.000,health
tug,noun,travel,0.590,travel
tuition,noun,education,0.990,education
tulip,noun,animals,0.980,animals
tumble,verb,body,0.920,body
tumor/tumour,noun,health,1.000,health
tuna,noun,food,0.560,food
tune,noun,entertainment,0.980,entertainment
tune,verb,entertainment,0.570,entertainment
tunnel,noun,travel,0.740,travel
turbulence,noun,travel,0.700,travel
turbulent,adjective,general,0.530,general
turkey,noun,animals,0.550,animals
turmoil,noun,society,0.710,society
turn,noun,general,0.870,general
turn,verb,general,0.910,general
turn to,verb,general,0.940,general
turning,noun,general,0.590,general
turret,noun,city,0.940,city
turtle,noun,animals,1.000,animals
tutor,noun,education,1.000,education
twelve,number,general,1.000,general
twenty,number,general,1.000,general
twice,adverb,general,1.000,general
twin,noun,family,1.000,family
twinkle,noun,nature,0.770,nature
twist,noun,general,0.440,body
twist,verb,body,0.750,body
twisted,adjective,general,0.660,general
twitch,noun,body,0.920,body
twitch,verb,body,0.990,body
two,number,general,1.000,general
tycoon,noun,business,1.000,business
type,noun,general,0.950,general
type,verb,general,0.460,communication
typhoid,noun,health,1.000,health
typical,adjective,general,1.000,general
typically,adverb,general,1.000,general
tyranny,noun,society,1.000,society
tyrant,noun,society,1.000,society
ugly,adjective,body,0.780,body
ultimate,adjective,general,1.000,general
ultimately,adverb,general,1.000,general
umbrella,noun,nature,0.760,nature
unable,adjective,general,0.990,general
unacceptable,adjective,general,0.970,general
unadulterated,adjective,general,0.830,general
unafraid,adjective,feelings,1.000,feelings
unashamedly,adverb,general,0.620,general
unassisted,adjective,general,0.980,general
unattractive,adjective,body,0.930,body
unauthorized/unauthorised,adjective,society,0.620,society
unavailable,adjective,general,0.940,general
unaware,adjective,feelings,0.560,feelings
unbearable,adjective,general,0.510,general
unbeatable,adjective,general,0.810,general
unbelievable,adjective,general,0.900,general
uncanny,adjective,feelings,0.500,feelings
uncertain,adjective,general,0.500,general
uncertainty,noun,feelings,0.860,feelings
unchanged,adjective,general,1.000,general
uncharacteristic,adjective,feelings,0.560,feelings
uncle,noun,family,1.000,family
unclear,adjective,general,0.790,general
unclearly,adverb,general,0.630,general
uncomfortable,adjective,feelings,0.840,feelings
uncomfortably,adverb,general,0.550,general
uncommon,adjective,general,1.000,general
unconcerned,adjective,feelings,0.990,feelings
unconscious,adjective,general,0.460,feelings
uncontrollable,adjective,general,0.610,general
unconventional,adjective,general,0.910,general
unconvincing,adjective,general,0.550,general
unconvincingly,adverb,general,0.560,general
uncover,verb,general,0.910,general
undaunted,adjective,feelings,1.000,feelings
undemonstrative,adjective,feelings,0.990,feelings
undemonstratively,adverb,general,0.600,general
under,preposition,general,1.000,general
underage,adjective,society,0.850,society
underestimate,verb,general,0.800,general
undergo,verb,general,0.750,general
undergraduate,noun,education,1.000,education
underground,adjective,city,0.600,city
underground,adverb,general,0.560,general
underline,noun,communication,0.550,communication
underline,verb,education,0.580,education
underneath,adverb,general,1.000,general
underneath,preposition,general,1.000,general
underpants,noun,shopping,1.000,shopping
undersea,adjective,nature,0.990,nature
understand,verb,general,0.630,general
understandable,adjective,general,0.750,general
understanding,adjective,feelings,0.920,feelings
understanding,noun,general,0.410,feelings
undertake,verb,work,0.690,work
underwater,adjective,nature,0.720,nature
underwater,adverb,general,0.590,general
underwear,noun,shopping,1.000,shopping
undiminishing,adjective,general,0.970,general
undo,verb,general,0.830,general
undoubtedly,adverb,general,0.990,general
undreamed,adjective,general,0.890,general
undress,verb,body,0.620,body
undressed,adjective,body,0.560,body
unease,noun,feelings,1.000,feelings
uneasily,adverb,feelings,0.800,feelings
uneasy,adjective,feelings,1.000,feelings
unemployed,adjective,work,0.990,work
unemployment,noun,work,0.850,work
unencumbered,adjective,general,0.830,general
unenthusiastic,adjective,feelings,1.000,feelings
unenviable,adjective,general,0.740,general
unenviably,adverb,general,0.580,general
unequivocal,adjective,communication,0.600,communication
unequivocally,adverb,general,0.810,general
uneven,adjective,general,0.990,general
uneventful,adjective,general,0.960,general
unexceptional,adjective,general,0.990,general
unexceptionally,adverb,general,1.000,general
unexcused,adjective,general,0.550,general
unexpected,adjective,general,0.990,general
unexpectedly,adverb,general,1.000,general
unfair,adjective,general,0.730,general
unfairly,adverb,general,0.920,general
unfamiliar,adjective,general,1.000,general
unfashionable,adjective,shopping,0.950,shopping
unfeasible,adjective,general,0.980,general
unfeasibly,adverb,general,1.000,general
unfit,adjective,health,0.590,health
unfold,verb,general,0.840,general
unforeseen,adjective,general,1.000,general
unforgettable,adjective,general,0.700,general
unfortunate,adjective,general,0.590,general
unfortunately,adverb,general,0.970,general
unfriendly,adjective,feelings,0.970,feelings
ungodly,adjective,general,0.400,arts
unhappiness,noun,feelings,1.000,feelings
unhappy,adjective,feelings,1.000,feelings
unharried,adjective,feelings,0.960,feelings
unhealthy,adjective,health,1.000,health
unheard,adjective,communication,0.730,communication
unhelpful,adjective,general,0.850,general
uniform,adjective,general,0.910,general
uniform,noun,shopping,0.810,shopping
uniformity,noun,general,0.860,general
unify,verb,general,0.670,general
unimaginable,adjective,general,0.970,general
unimaginably,adverb,general,1.000,general
unimportant,adjective,general,1.000,general
uninspiring,adjective,general,0.530,general
uninterested,adjective,feelings,0.990,feelings
uninteresting,adjective,general,0.740,general
union,noun,work,0.670,work
unique,adjective,general,1.000,general
unison,noun,general,0.300,communication
unit,noun,general,0.770,general
unite,verb,general,0.730,general
united,adjective,general,0.690,general
universal,adjective,general,1.000,general
universe,noun,science,0.980,science
university,noun,education,1.000,education
unjustly,adverb,society,0.600,society
unkind,adjective,feelings,0.990,feelings
unknown,adjective,general,1.000,general
unless,conjunction,general,1.000,general
unlike,adjective,general,0.980,general
unlike,preposition,general,1.000,general
unlikely,adjective,general,1.000,general
unlimited,adjective,general,1.000,general
unload,verb,general,0.440,general
unlock,verb,general,0.700,general
unlucky,adjective,general,0.580,general
unmanageable,adjective,general,0.990,general
unmanned,adjective,technology,0.880,technology
unmediated,adjective,communication,0.810,communication
unmistakable,adjective,general,0.990,general
unmistakably,adverb,general,0.990,general
unmusical,adjective,entertainment,0.530,entertainment
unmusically,adverb,general,0.430,entertainment
unnatural,adjective,general,0.830,general
unnecessary,adjective,general,1.000,general
unnerve,verb,feelings,1.000,feelings
unnerving,adjective,feelings,0.990,feelings
unnervingly,adverb,general,0.480,feelings
unobtrusive,adjective,general,0.800,general
unobtrusively,adverb,general,0.980,general
unobtrusiveness,noun,feelings,0.970,feelings
unoccupied,adjective,general,0.860,general
unofficial,adjective,general,0.850,general
unpack,verb,travel,0.880,travel
unpleasant,adjective,general,0.680,general
unplug,verb,technology,0.960,technology
unpopular,adjective,general,0.700,general
unpredictable,adjective,general,0.950,general
unpromising,adjective,general,0.950,general
unravel,verb,general,0.920,general
unrealistic,adjective,general,0.840,general
unreasonable,adjective,general,0.610,general
unrelated,adjective,general,0.990,general
unreliable,adjective,general,0.480,general
unreliably,adverb,general,0.970,general
unrest,noun,society,1.000,society
unsafe,adjective,general,0.970,general
unsatisfactory,adjective,general,0.980,general
unscathing,adjective,communication,0.690,communication
unselfish,adjective,feelings,1.000,feelings
unsettle,verb,feelings,0.970,feelings
unsettling,adjective,feelings,0.920,feelings
unstoppable,adjective,general,0.910,general
unsuccessful,adjective,general,0.930,general
unsuitable,adjective,general,1.000,general
unsure,adjective,feelings,0.920,feelings
unsurpassed,adjective,general,1.000,general
unsuspected,adjective,general,0.960,general
unsustainable,adjective,nature,0.790,nature
unsustainably,adverb,nature,0.770,nature
untalented,adjective,feelings,0.570,feelings
untangle,verb,general,0.830,general
untangled,adjective,general,0.920,general
unthinkably,adverb,general,0.990,general
untidy,adjective,home,0.540,home
untie,verb,general,0.560,general
until,conjunction,general,1.000,general
until,preposition,general,1.000,general
unto,preposition,general,1.000,general
untreated,adjective,health,0.960,health
untrimmed,adjective,general,0.740,general
unusual,adjective,general,1.000,general
unusually,adverb,general,1.000,general
unusualness,noun,general,0.910,general
unwanted,adjective,general,0.980,general
unwavering,adjective,feelings,0.950,feelings
unwaveringly,adverb,general,0.570,general
unwell,adjective,health,1.000,health
unwilling,adjective,feelings,0.980,feelings
unwise,adjective,general,0.480,general
unworldly,adjective,feelings,0.890,feelings
up,adverb,general,1.000,general
up,preposition,general,1.000,general
up-to-date,adjective,general,0.980,general
upbringing,noun,family,0.970,family
update,noun,technology,0.830,technology
update,verb,technology,0.690,technology
upgrade,noun,technology,0.860,technology
upgrade,verb,technology,0.850,technology
upheaval,noun,society,0.870,society
uplifted,adjective,feelings,1.000,feelings
upload,verb,technology,1.000,technology
upon,preposition,general,1.000,general
upper,adjective,general,0.950,general
upright,adjective,general,0.390,general
upright,adverb,general,0.470,general
upset,adjective,feelings,1.000,feelings
upset,verb,feelings,0.810,feelings
upside down,adjective,general,0.990,general
upside down,adverb,general,0.990,general
upstairs,adjective,home,0.980,home
upstairs,adverb,home,0.850,home
upstairs,noun,home,1.000,home
upward,adjective,general,0.990,general
urban,adjective,city,1.000,city
urge,noun,feelings,0.990,feelings
urge,verb,general,0.380,general
urgent,adjective,general,0.980,general
urgently,adverb,general,1.000,general
us,pronoun,general,1.000,general
usage,noun,communication,0.940,communication
use,noun,general,0.980,general
use,verb,general,1.000,general
used,adjective,general,0.930,general
used to,modal auxiliary,general,0.870,general
useful,adjective,general,1.000,general
useless,adjective,general,0.990,general
user,noun,technology,0.960,technology
usher,noun,work,0.830,work
usher,verb,general,0.370,general
usual,adjective,general,1.000,general
usually,adverb,general,1.000,general
utensil,noun,food,0.930,food
utilitarian,adjective,general,0.540,general
utility,noun,general,0.770,general
utilization/utilisation,noun,general,0.740,general
utilize,verb,general,0.980,general
utilize/utilise,verb,general,0.980,general
utter,adjective,general,0.910,general
utter,verb,communication,0.990,communication
utterly,adverb,general,1.000,general
vacancy,noun,work,0.930,work
vacant,adjective,general,0.710,general
vacation,noun,travel,1.000,travel
vaccine,noun,health,1.000,health
vague,adjective,general,0.800,general
vain,adjective,feelings,0.970,feelings
valentine,noun,family,0.500,family
valid,adjective,general,0.960,general
valley,noun,nature,1.000,nature
valuable,adjective,general,0.950,general
value,noun,business,0.530,business
value,verb,general,0.440,general
van,noun,travel,1.000,travel
vandal,noun,society,0.950,society
vandalize,verb,society,0.940,society
vanish,verb,general,0.910,general
vanity,noun,feelings,1.000,feelings
variation,noun,general,0.790,general
varied,adjective,general,1.000,general
variety,noun,general,0.950,general
various,adjective,general,1.000,general
vary,verb,general,1.000,general
vase,noun,home,0.990,home
vast,adjective,general,0.960,general
vegetable,noun,food,1.000,food
vegetarian,adjective,food,1.000,food
vegetarian,noun,food,0.980,food
vegetation,noun,nature,0.650,nature
vehicle,noun,travel,1.000,travel
vein,noun,body,0.990,body
venerate,verb,arts,0.710,arts
veneration,noun,feelings,0.530,feelings
venomous,adjective,animals,0.950,animals
venomously,adverb,feelings,0.680,feelings
ventilate,verb,home,0.790,home
ventilation,noun,home,0.710,home
venture,noun,business,0.980,business
venue,noun,city,0.650,city
verandah,noun,home,0.970,home
verb,noun,communication,0.950,communication
verbal,adjective,communication,0.990,communication
verbally,adverb,communication,0.950,communication
verbatim,adjective,communication,0.970,communication
verbatim,adverb,communication,0.940,communication
verdict,noun,society,1.000,society
verily,adverb,general,0.940,general
verisimilitude,noun,arts,0.990,arts
veritable,adjective,general,0.980,general
vermin,noun,animals,0.980,animals
versatile,adjective,general,0.850,general
versatility,noun,general,0.490,feelings
verse,noun,arts,0.990,arts
verse,verb,arts,0.630,arts
version,noun,general,0.400,general
versus,preposition,general,0.990,general
vertical,adjective,general,0.990,general
verve,noun,feelings,0.950,feelings
very,adjective,general,1.000,general
very,adverb,general,1.000,general
vessel,noun,travel,0.960,travel
vestigial,adjective,general,0.400,science
vestigially,adverb,science,0.510,science
vet,noun,general,0.360,work
veteran,noun,society,0.990,society
via,preposition,general,0.980,general
vibrate,verb,science,0.740,science
vibration,noun,science,0.980,science
vice,adjective,general,0.400,feelings
vice president,noun,society,0.960,society
vicinity,noun,city,0.950,city
vicious,adjective,feelings,0.920,feelings
viciously,adverb,general,0.800,general
victim,noun,society,1.000,society
victorious,adjective,general,0.330,general
victoriously,adverb,general,0.800,general
victory,noun,sports,0.590,sports
video,noun,entertainment,0.850,entertainment
video clip,noun,entertainment,0.880,entertainment
video game,noun,entertainment,1.000,entertainment
view,noun,general,0.280,nature
view,verb,general,0.360,body
viewer,noun,entertainment,0.930,entertainment
viewpoint,noun,feelings,0.780,feelings
vigor/vigour,noun,general,0.400,body
vigorous,adjective,general,0.720,general
vigorously,adverb,general,0.950,general
villa,noun,home,0.940,home
village,noun,city,1.000,city
villager,noun,city,0.670,city
vindicate,verb,society,0.760,society
vindication,noun,society,0.850,society
vinegar,noun,food,1.000,food
violate,verb,society,0.980,society
violence,noun,society,1.000,society
violent,adjective,society,0.520,society
violently,adverb,general,0.900,general
violet,adjective,general,0.710,general
violin,noun,entertainment,0.650,entertainment
virginal,adjective,general,0.390,general
virtual,adjective,technology,0.910,technology
virtual reality,noun,technology,1.000,technology
virtually,adverb,general,1.000,general
virtue,noun,feelings,0.990,feelings
virtuosity,noun,arts,0.960,arts
virtuoso,noun,arts,0.840,arts
virus,noun,health,0.980,health
vis-a-vis,preposition,general,1.000,general
visa,noun,travel,0.990,travel
visible,adjective,general,0.920,general
visibly,adverb,general,0.960,general
vision,noun,body,0.910,body
visit,noun,travel,0.950,travel
visit,verb,travel,0.780,travel
visitor,noun,travel,0.710,travel
visual,adjective,body,0.520,body
visually,adverb,general,0.780,general
vital,adjective,general,0.980,general
vitality,noun,health,0.710,health
vitamin,noun,health,0.820,health
vivid,adjective,general,0.880,general
vividly,adverb,general,0.830,general
vocabulary,noun,communication,0.730,communication
vocalist,noun,entertainment,0.930,entertainment
vocational,adjective,work,0.700,work
voice,noun,communication,0.720,communication
voice,verb,communication,0.950,communication
volcano,noun,nature,1.000,nature
volleyball,noun,sports,1.000,sports
volume,noun,general,0.820,general
voluntarily,adverb,general,0.980,general
voluntary,adjective,general,0.780,general
volunteer,noun,society,0.620,society
volunteer,verb,society,0.620,society
vomit,noun,health,0.780,health
voracious,adjective,general,0.480,food
voraciously,adverb,general,0.470,food
voracity,noun,feelings,0.500,feelings
vortex,noun,science,0.580,science
vote,noun,society,1.000,society
vote,verb,society,1.000,society
voter,noun,society,1.000,society
vow,noun,general,0.460,communication
vowel,noun,communication,1.000,communication
voyage,noun,travel,1.000,travel
wage,noun,work,0.600,work
wagon,noun,travel,1.000,travel
waist,noun,body,1.000,body
waistcoat,noun,shopping,1.000,shopping
wait,noun,general,0.940,general
wait,verb,general,0.990,general
waiter,noun,work,0.690,work
waitress,noun,work,0.870,work
wake,noun,general,0.300,family
wake,verb,general,0.440,general
walk,noun,general,0.430,travel
walk,verb,body,0.770,body
walkabout,noun,travel,0.750,travel
walker,noun,general,0.280,body
walking,noun,body,0.710,body
wall,noun,home,0.790,home
wallboard,noun,home,0.970,home
wallet,noun,business,0.750,business
wallow,verb,feelings,0.540,feelings
walnut,noun,food,0.990,food
wander,verb,travel,0.740,travel
wane,verb,general,0.910,general
want,noun,general,0.390,feelings
want,verb,general,0.930,general
war,noun,society,1.000,society
ward,noun,health,0.910,health
wardrobe,noun,home,0.740,home
wares,noun,business,0.540,business
warm,adjective,general,0.480,nature
warm,verb,general,0.290,general
warmly,adverb,general,0.610,general
warmth,noun,general,0.460,nature
warn,verb,communication,0.730,communication
warning,noun,communication,0.750,communication
warranty,noun,shopping,0.680,shopping
warrior,noun,society,0.970,society
warship,noun,society,0.870,society
wartime,noun,society,0.990,society
wary,adjective,feelings,0.980,feelings
was,be-verb,general,0.990,general
wash,noun,home,0.730,home
wash,verb,home,0.770,home
washbowl,noun,home,1.000,home
washing machine,noun,home,0.990,home
washing-up,noun,home,1.000,home
washtub,noun,home,1.000,home
wasp,noun,animals,1.000,animals
waste,adjective,general,0.780,general
waste,noun,general,0.380,general
waste,verb,general,0.890,general
wasteful,adjective,general,0.500,general
watch,noun,general,0.440,shopping
watch,verb,general,0.530,general
water,noun,nature,0.560,nature
water,verb,general,0.440,home
waterfall,noun,nature,1.000,nature
waterfront,noun,city,0.970,city
waterproof,adjective,general,0.540,general
wave,noun,nature,0.940,nature
wave,verb,body,0.610,body
wax,noun,nature,0.500,nature
wax,verb,general,0.360,body
way,noun,travel,0.830,travel
wayside,noun,travel,0.950,travel
wayward,adjective,feelings,0.970,feelings
we,pronoun,general,1.000,general
weak,adjective,general,0.780,general
weaken,verb,general,0.960,general
weakly,adverb,general,0.950,general
weakness,noun,feelings,0.900,feelings
wealth,noun,business,1.000,business
wealthy,adjective,business,0.800,business
weapon,noun,society,1.000,society
wear,verb,shopping,0.900,shopping
wearisome,adjective,feelings,0.570,feelings
weary,adjective,feelings,0.960,feelings
weather,noun,nature,1.000,nature
weather forecast,noun,nature,0.990,nature
weave,noun,arts,0.760,arts
web,noun,general,0.490,technology
web page,noun,technology,1.000,technology
webcam,noun,technology,1.000,technology
website,noun,technology,1.000,technology
wed,verb,family,1.000,family
wedding,noun,family,1.000,family
weed,noun,animals,0.640,animals
week,noun,general,1.000,general
weekday,noun,general,0.990,general
weekend,noun,general,1.000,general
weekly,adjective,general,1.000,general
weekly,adverb,general,1.000,general
weep,noun,feelings,0.860,feelings
weigh,verb,general,0.800,general
weight,noun,general,0.900,general
weird,adjective,general,0.970,general
welcome,adjective,general,0.650,general
welcome,interjection,communication,0.750,communication
welcome,noun,communication,0.590,communication
welcome,verb,general,0.540,general
welfare,noun,society,1.000,society
well,adjective,general,0.800,general
well,adverb,general,1.000,general
well-balanced,adjective,general,0.700,general
well-built,adjective,body,0.990,body
well-dressed,adjective,shopping,0.920,shopping
well-known,adjective,general,0.980,general
well-organized/well-organised,adjective,general,0.900,general
well-paid,adjective,work,0.820,work
were,be-verb,general,0.990,general
west,adjective,general,0.430,travel
west,adverb,travel,0.590,travel
west,noun,travel,0.810,travel
western,adjective,city,0.700,city
westward,adverb,travel,0.830,travel
wet,adjective,general,0.670,general
wetland,noun,nature,1.000,nature
whale,noun,animals,1.000,animals
what,determiner,general,0.990,general
what,pronoun,general,1.000,general
whatever,determiner,general,1.000,general
whatever,pronoun,general,1.000,general
wheat,noun,food,0.980,food
wheel,noun,travel,0.990,travel
wheelchair,noun,health,0.900,health
wheeze,verb,health,0.840,health
when,adverb,general,1.000,general
when,conjunction,general,1.000,general
whenever,adverb,general,1.000,general
whenever,conjunction,general,1.000,general
where,adverb,general,0.990,general
where,conjunction,general,1.000,general
whereas,conjunction,general,1.000,general
wherever,conjunction,general,1.000,general
whether,conjunction,general,1.000,general
which,determiner,general,0.990,general
which,pronoun,general,1.000,general
whichever,determiner,general,1.000,general
whichever,pronoun,general,1.000,general
while,conjunction,general,1.000,general
while,noun,general,0.980,general
whilst,conjunction,general,1.000,general
whip,verb,general,0.430,food
whir,verb,general,0.480,general
whirlwind,noun,nature,0.970,nature
whiskey/whisky,noun,food,1.000,food
whisper,noun,communication,0.990,communication
whisper,verb,communication,1.000,communication
whistle,noun,general,0.390,communication
whistle,verb,general,0.480,body
white,adjective,general,0.940,general
white,noun,general,0.590,general
who,pronoun,general,1.000,general
whoever,pronoun,general,1.000,general
whole,adjective,general,1.000,general
whole,noun,general,0.990,general
wholly,adverb,general,1.000,general
whom,pronoun,general,0.990,general
whose,determiner,general,0.990,general
whose,pronoun,general,1.000,general
why,adverb,general,0.990,general
wicked,adjective,feelings,0.790,feelings
wickedly,adverb,general,0.930,general
wide,adjective,general,1.000,general
wide,adverb,general,1.000,general
widely,adverb,general,1.000,general
widen,verb,general,0.980,general
widespread,adjective,general,0.990,general
widow,noun,family,1.000,family
width,noun,general,0.990,general
wife,noun,family,1.000,family
wild,adjective,general,0.410,nature
wilderness,noun,nature,1.000,nature
wildlife,noun,animals,0.810,animals
wildly,adverb,general,0.990,general
will,modal auxiliary,general,0.960,general
will,noun,general,0.370,society
willing,adjective,feelings,0.920,feelings
willingly,adverb,general,0.710,general
willingness,noun,feelings,1.000,feelings
win,noun,sports,0.860,sports
win,verb,sports,0.580,sports
wind,noun,nature,1.000,nature
wind,verb,general,0.360,nature
winding,adjective,general,0.830,general
window,noun,home,0.990,home
windscreen,noun,travel,1.000,travel
windshield,noun,travel,1.000,travel
windsurfing,noun,sports,1.000,sports
windy,adjective,nature,1.000,nature
wine,noun,food,1.000,food
wing,noun,general,0.460,animals
wink,noun,body,0.730,body
winner,noun,sports,0.940,sports
winter,noun,nature,0.890,nature
wipe,verb,home,0.530,home
wire,noun,technology,0.770,technology
wire,verb,communication,0.850,communication
wisdom,noun,feelings,0.920,feelings
wise,adjective,feelings,0.700,feelings
wish,noun,feelings,0.960,feelings
wish,verb,feelings,0.750,feelings
wistful,adjective,feelings,1.000,feelings
wistfully,adverb,feelings,0.980,feelings
wit,noun,feelings,0.730,feelings
with,preposition,general,1.000,general
withdraw,verb,general,0.830,general
withdrawal,noun,health,0.500,health
withdrawn,adjective,feelings,1.000,feelings
wither,verb,general,0.490,nature
within,preposition,general,1.000,general
without,preposition,general,1.000,general
witness,noun,society,0.950,society
witness,verb,general,0.460,society
witty,adjective,feelings,0.910,feelings
wizard,adjective,general,0.660,general
wizened,adjective,body,0.990,body
wolf,noun,animals,1.000,animals
woman,noun,family,0.780,family
wonder,noun,feelings,0.930,feelings
wonder,verb,feelings,0.720,feelings
wonderful,adjective,general,0.800,general
wondrous,adjective,general,0.770,general
woo,verb,family,0.820,family
wood,noun,nature,0.960,nature
woodcarving,noun,arts,0.990,arts
wooded,adjective,nature,0.970,nature
wooden,adjective,general,0.440,nature
wool,noun,shopping,0.530,shopping
word,noun,communication,0.950,communication
wordage,noun,communication,0.990,communication
wordlessly,adverb,communication,0.880,communication
wordsmith,noun,general,0.340,work
work,noun,work,0.990,work
work,verb,work,0.930,work
workaholic,adjective,work,0.770,work
workbench,noun,work,0.790,work
worker,noun,work,1.000,work
working,adjective,work,0.690,work
workman,noun,work,1.000,work
workout,noun,sports,0.930,sports
workplace,noun,work,1.000,work
workshop,noun,work,0.660,work
worktable,noun,home,0.530,home
world,noun,general,0.540,general
worldly,adjective,feelings,0.730,feelings
worldview,noun,general,0.450,feelings
worldwide,adjective,general,0.930,general
worldwide,adverb,general,0.990,general
worm,noun,animals,1.000,animals
worn,adjective,general,0.520,general
wornout/worn out/worn-out,adjective,general,0.830,general
worried,adjective,feelings,1.000,feelings
worry,noun,feelings,1.000,feelings
worry,verb,feelings,1.000,feelings
worrying,adjective,feelings,0.890,feelings
worse,adjective,general,1.000,general
worse,adverb,general,1.000,general
worse,noun,general,0.950,general
worsen,verb,general,0.920,general
worship,noun,arts,1.000,arts
worst,adjective,general,1.000,general
worst,adverb,general,1.000,general
worst,noun,general,0.970,general
worth,adjective,general,0.680,general
worthless,adjective,general,0.880,general
worthwhile,adjective,general,0.940,general
worthy,adjective,general,0.630,general
would,modal auxiliary,general,0.970,general
wound,noun,health,0.990,health
wound,verb,health,0.710,health
wrack,verb,nature,0.530,nature
wrangle,verb,communication,0.750,communication
wrap,noun,food,0.900,food
wrap,verb,general,0.470,general
wrapping,noun,shopping,0.720,shopping
wreck,noun,travel,0.860,travel
wrench,verb,body,0.750,body
wrist,noun,body,1.000,body
wristwatch,noun,shopping,0.580,shopping
write,verb,communication,0.990,communication
writer,noun,work,0.730,work
writing,noun,communication,0.980,communication
written,adjective,communication,0.900,communication
wrong,adjective,general,1.000,general
wrong,adverb,general,1.000,general
wrongly,adverb,general,0.990,general
wry,adjective,feelings,0.860,feelings
wryly,adverb,general,0.430,general
yacht,noun,travel,0.990,travel
yard,noun,home,0.990,home
yawn,noun,body,0.970,body
yawn,verb,body,0.970,body
yeah,adverb,general,0.850,general
year,noun,general,1.000,general
yearn,verb,feelings,1.000,feelings
yell,noun,communication,0.930,communication
yell,verb,communication,0.950,communication
yellow,adjective,general,0.920,general
yellow,noun,general,0.700,general
yes,adverb,general,0.950,general
yesterday,adverb,general,1.000,general
yet,adverb,general,1.000,general
yet,conjunction,general,1.000,general
yield,verb,general,0.810,general
yoga,noun,sports,0.720,sports
yogurt/yoghurt,noun,food,1.000,food
you,pronoun,general,1.000,general
young,adjective,general,0.680,general
your,determiner,general,1.000,general
yours,pronoun,general,1.000,general
yourself,pronoun,general,1.000,general
youth,noun,family,0.950,family
youthful,adjective,general,0.260,general
yummy,adjective,food,1.000,food
zany,adjective,feelings,0.790,feelings
zebra,noun,animals,1.000,animals
zip,noun,shopping,0.950,shopping
zone,noun,city,0.770,city
zoo,noun,animals,0.840,animals
zoologist,noun,work,0.530,work
zoology,noun,science,0.930,science
zoom,noun,technology,0.870,technology
